076000  00 00 00 00 00 00 00 00 00 00 00 00 02 8d 40 00   ..............@.
076010  00 00 00 00 00 00 00 00 00 00 00 00 00 00 00 00   ................
076020  00 00 00 00 32 13 8b c0 02 00 8b c0 00 8d 40 00   ....2.........@.
076030  00 8d 40 00 00 8d 40 00 00 00 00 00 00 00 00 00   ..@...@.........
076040  4c 21 40 00 dc 22 40 00 5c 26 40 00 00 cb cc c8   L!@.."@.\&@.....
076050  c9 d7 cf c8 cd ce db d8 da d9 ca dc dd de df e0   ................
076060  e1 e3 00 e4 e5 8d 40 00 00 00 00 00 00 00 24 40   ......@.......$@
076070  45 72 72 6f 72 00 8b c0 52 75 6e 74 69 6d 65 20   Error...Runtime 
076080  65 72 72 6f 72 20 20 20 20 20 61 74 20 30 30 30   error     at 000
076090  30 30 30 30 30 00 8b c0 30 31 32 33 34 35 36 37   00000...01234567
0760a0  38 39 41 42 43 44 45 46 ff ff ff ff 00 00 00 00   89ABCDEF........
0760b0  00 00 00 00 00 00 00 00 00 00 00 00 00 00 00 00   ................
0760c0  00 00 00 00 00 00 00 00 00 00 00 00 00 00 00 00   ................
0760d0  00 00 00 00 00 00 00 00 00 00 00 00 00 00 00 00   ................
0760e0  00 00 00 00 32 00 8b c0 1f 00 1c 00 1f 00 1e 00   ....2...........
0760f0  1f 00 1e 00 1f 00 1f 00 1e 00 1f 00 1e 00 1f 00   ................
076100  1f 00 1d 00 1f 00 1e 00 1f 00 1e 00 1f 00 1f 00   ................
076110  1e 00 1f 00 1e 00 1f 00 00 00 00 00 00 00 00 00   ................
076120  00 00 00 00 00 00 00 00 00 00 00 00 00 00 00 00   ................
076130  00 00 00 00 00 00 00 00 94 7f 40 00 00 00 00 00   ..........@.....
076140  00 00 00 00 e0 89 40 00 ec 89 40 00 00 00 00 80   ......@...@.....
076150  00 00 00 40 00 00 00 c0 00 00 00 00 00 00 00 00   ...@............
076160  01 00 00 00 02 00 00 00 03 00 00 00 fc 72 40 00   .............r@.
076170  04 73 40 00 00 00 40 76 3a 6b 0b de 3a 40 8b c0   .s@...@v:k..:@..
076180  0a 00 00 00 3f 13 8b c0 80 cb a4 4c 00 5c 26 05   ....?......L.\&.
076190  25 2e 2a 64 d4 73 40 00 dc 73 40 00 e4 73 40 00   %.*d.s@..s@..s@.
0761a0  ec 73 40 00 f4 73 40 00 fc 73 40 00 04 74 40 00   .s@..s@..s@..t@.
0761b0  0c 74 40 00 14 74 40 00 1c 74 40 00 24 74 40 00   .t@..t@..t@.$t@.
0761c0  2c 74 40 00 34 74 40 00 3c 74 40 00 44 74 40 00   ,t@.4t@.<t@.Dt@.
0761d0  4c 74 40 00 54 74 40 00 5c 74 40 00 64 74 40 00   Lt@.Tt@.\t@.dt@.
0761e0  6c 74 40 00 74 74 40 00 7c 74 40 00 84 74 40 00   lt@.tt@.|t@..t@.
0761f0  8c 74 40 00 94 74 40 00 9c 74 40 00 a4 74 40 00   .t@..t@..t@..t@.
076200  ac 74 40 00 b4 74 40 00 bc 74 40 00 c4 74 40 00   .t@..t@..t@..t@.
076210  cc 74 40 00 d4 74 40 00 dc 74 40 00 e4 74 40 00   .t@..t@..t@..t@.
076220  ec 74 40 00 f4 74 40 00 fc 74 40 00 02 00 00 00   .t@..t@..t@.....
076230  00 00 00 00 03 00 00 00 00 00 00 00 04 00 00 00   ................
076240  00 00 00 00 05 00 00 00 00 00 00 00 64 00 00 00   ............d...
076250  00 00 00 00 65 00 00 00 00 00 00 00 6a 00 00 00   ....e.......j...
076260  00 00 00 00 20 78 40 00 00 00 00 00 78 78 40 00   .... x@.....xx@.
076270  00 00 00 00 d0 78 40 00 00 00 00 00 84 79 40 00   .....x@......y@.
076280  00 00 00 00 dc 79 40 00 00 00 00 00 34 7a 40 00   .....y@.....4z@.
076290  00 00 00 00 8c 7a 40 00 00 00 00 00 40 7b 40 00   .....z@.....@{@.
0762a0  00 00 00 00 f8 7b 40 00 00 00 00 00 58 7c 40 00   .....{@.....X|@.
0762b0  00 00 00 00 0c 7d 40 00 00 00 00 00 b0 7c 40 00   .....}@......|@.
0762c0  00 00 00 00 64 7d 40 00 00 00 00 00 64 7d 40 00   ....d}@.....d}@.
0762d0  00 00 00 00 64 7d 40 00 00 00 00 00 64 7d 40 00   ....d}@.....d}@.
0762e0  00 00 00 00 64 7d 40 00 00 00 00 00 64 7d 40 00   ....d}@.....d}@.
0762f0  00 00 00 00 c0 7d 40 00 00 00 00 00 68 77 40 00   .....}@.....hw@.
076300  00 00 00 00 7c 7e 40 00 00 00 00 00 30 7f 40 00   ....|~@.....0.@.
076310  00 00 00 00 c1 1e 59 20 00 00 00 00 57 00 07 80   ......Y ....W...
076320  00 00 00 00 01 8d 40 00 00 00 00 00 01 8d 40 00   ......@.......@.
076330  00 8d 40 00 ff ff ff ff 03 00 0a 00 02 00 10 00   ..@.............
076340  0a 00 11 00 12 00 0a 00 13 00 8b c0 d0 08 41 00   ..............A.
076350  e0 08 41 00 f0 08 41 00 04 09 41 00 14 09 41 00   ..A...A...A...A.
076360  24 09 41 00 34 09 41 00 48 09 41 00 58 09 41 00   $.A.4.A.H.A.X.A.
076370  68 09 41 00 7c 09 41 00 8c 09 41 00 9c 09 41 00   h.A.|.A...A...A.
076380  ac 09 41 00 bc 09 41 00 cc 09 41 00 d8 09 41 00   ..A...A...A...A.
076390  ec 09 41 00 fc 09 41 00 0c 0a 41 00 20 0a 41 00   ..A...A...A. .A.
0763a0  00 01 00 01 00 01 01 00 00 01 01 00 00 00 01 00   ................
0763b0  01 01 8b c0 88 12 41 00 98 12 41 00 a8 12 41 00   ......A...A...A.
0763c0  00 00 00 00 00 00 00 00 00 00 00 00 00 00 00 00   ................
0763d0  00 00 00 00 00 00 00 00 00 00 00 00 00 00 00 00   ................
0763e0  00 00 00 00 00 00 00 00 54 50 46 30 00 00 00 00   ........TPF0....
0763f0  00 00 00 00 00 00 00 00 59 e9 8b c0 00 00 00 00   ........Y.......
076400  b4 6a 40 00 00 00 00 00 00 00 00 00 00 00 00 00   .j@.............
076410  00 00 00 00 00 00 00 00 00 00 00 00 00 00 00 00   ................
076420  4c b6 41 00 00 00 00 00 00 00 00 00 00 00 01 0d   L.A.............
076430  4d 53 20 53 61 6e 73 20 53 65 72 69 66 00 00 00   MS Sans Serif...
076440  00 00 00 00 00 00 00 00 00 00 00 00 00 00 00 00   ................
076450  00 8d 40 00 00 00 00 00 bc cf 41 00 80 00 00 00   ..@.......A.....
076460  cc cf 41 00 00 80 00 00 e0 cf 41 00 80 80 00 00   ..A.......A.....
076470  f0 cf 41 00 00 00 80 00 00 d0 41 00 80 00 80 00   ..A.......A.....
076480  10 d0 41 00 00 80 80 00 24 d0 41 00 80 80 80 00   ..A.....$.A.....
076490  34 d0 41 00 c0 c0 c0 00 44 d0 41 00 ff 00 00 00   4.A.....D.A.....
0764a0  58 d0 41 00 00 ff 00 00 68 d0 41 00 ff ff 00 00   X.A.....h.A.....
0764b0  78 d0 41 00 00 00 ff 00 8c d0 41 00 ff 00 ff 00   x.A.......A.....
0764c0  9c d0 41 00 00 ff ff 00 b0 d0 41 00 ff ff ff 00   ..A.......A.....
0764d0  c0 d0 41 00 c0 dc c0 00 d0 d0 41 00 a6 ca f0 00   ..A.......A.....
0764e0  e8 d0 41 00 ff fb f0 00 fc d0 41 00 a0 a0 a4 00   ..A.......A.....
0764f0  0c d1 41 00 0a 00 00 ff 20 d1 41 00 02 00 00 ff   ..A..... .A.....
076500  38 d1 41 00 0c 00 00 ff 50 d1 41 00 01 00 00 ff   8.A.....P.A.....
076510  68 d1 41 00 0f 00 00 ff 80 d1 41 00 14 00 00 ff   h.A.......A.....
076520  94 d1 41 00 10 00 00 ff ac d1 41 00 12 00 00 ff   ..A.......A.....
076530  c0 d1 41 00 09 00 00 ff d4 d1 41 00 00 00 00 20   ..A.......A.... 
076540  ec d1 41 00 1b 00 00 ff 00 d2 41 00 1c 00 00 ff   ..A.......A.....
076550  20 d2 41 00 11 00 00 ff 44 d2 41 00 0d 00 00 ff    .A.....D.A.....
076560  58 d2 41 00 0e 00 00 ff 6c d2 41 00 1a 00 00 ff   X.A.....l.A.....
076570  84 d2 41 00 0b 00 00 ff 98 d2 41 00 03 00 00 ff   ..A.......A.....
076580  b4 d2 41 00 13 00 00 ff d0 d2 41 00 18 00 00 ff   ..A.......A.....
076590  f0 d2 41 00 17 00 00 ff 04 d3 41 00 04 00 00 ff   ..A.......A.....
0765a0  18 d3 41 00 1e 00 00 ff 28 d3 41 00 1d 00 00 ff   ..A.....(.A.....
0765b0  3c d3 41 00 07 00 00 ff 54 d3 41 00 ff ff ff 1f   <.A.....T.A.....
0765c0  68 d3 41 00 00 00 00 ff 78 d3 41 00 15 00 00 ff   h.A.....x.A.....
0765d0  8c d3 41 00 16 00 00 ff a4 d3 41 00 05 00 00 ff   ..A.......A.....
0765e0  b8 d3 41 00 06 00 00 ff cc d3 41 00 08 00 00 ff   ..A.......A.....
0765f0  e4 d3 41 00 00 00 00 00 60 d4 41 00 01 00 00 00   ..A.....`.A.....
076600  78 d4 41 00 02 00 00 00 90 d4 41 00 4d 00 00 00   x.A.......A.M...
076610  a8 d4 41 00 80 00 00 00 bc d4 41 00 81 00 00 00   ..A.......A.....
076620  d8 d4 41 00 82 00 00 00 f0 d4 41 00 86 00 00 00   ..A.......A.....
076630  08 d5 41 00 88 00 00 00 20 d5 41 00 a1 00 00 00   ..A..... .A.....
076640  3c d5 41 00 a2 00 00 00 54 d5 41 00 b1 00 00 00   <.A.....T.A.....
076650  6c d5 41 00 b2 00 00 00 84 d5 41 00 ba 00 00 00   l.A.......A.....
076660  9c d5 41 00 cc 00 00 00 b4 d5 41 00 de 00 00 00   ..A.......A.....
076670  cc d5 41 00 ee 00 00 00 e4 d5 41 00 ff 00 00 00   ..A.......A.....
076680  00 d6 41 00 00 00 00 00 00 00 00 00 01 00 00 00   ..A.............
076690  00 00 00 00 00 00 01 00 02 00 03 00 04 00 05 00   ................
0766a0  06 00 8b c0 00 00 00 00 ff ff ff 00 00 00 00 00   ................
0766b0  00 00 00 00 01 00 10 00 0b 00 06 00 0d 00 04 00   ................
0766c0  0e 00 05 00 0c 00 03 00 0f 00 02 00 09 00 08 00   ................
0766d0  07 00 0a 00 00 00 00 00 00 00 00 00 00 00 00 00   ................
0766e0  04 03 8b c0 04 03 8b c0 00 00 00 00 80 00 00 00   ................
0766f0  00 80 00 00 80 80 00 00 00 00 80 00 80 00 80 00   ................
076700  00 80 80 00 80 80 80 00 c0 c0 c0 00 ff 00 00 00   ................
076710  00 ff 00 00 ff ff 00 00 00 00 ff 00 ff 00 ff 00   ................
076720  00 ff ff 00 ff ff ff 00 00 00 00 00 00 8d 40 00   ..............@.
076730  00 00 00 00 00 00 8b c0 01 00 00 00 02 00 00 00   ................
076740  04 00 00 00 08 00 00 00 10 00 00 00 00 01 00 00   ................
076750  00 02 00 00 00 04 00 00 00 08 00 00 00 10 00 00   ................
076760  00 20 00 00 00 40 00 00 00 80 00 00 00 00 01 00   . ...@..........
076770  00 00 02 00 00 00 04 00 00 00 08 00 00 00 10 00   ................
076780  00 00 40 00 00 00 80 00 00 00 00 02 00 00 00 10   ..@.............
076790  01 00 00 00 c4 b9 41 00 cc b9 41 00 d4 b9 41 00   ......A...A...A.
0767a0  dc b9 41 00 00 00 00 00 03 7f 00 00 01 7f 00 00   ..A.............
0767b0  04 7f 00 00 02 7f 00 00 00 00 00 00 ac 92 42 00   ..............B.
0767c0  b8 92 42 00 c4 92 42 00 d0 92 42 00 e0 92 42 00   ..B...B...B...B.
0767d0  f0 92 42 00 00 93 42 00 10 93 42 00 1c 93 42 00   ..B...B...B...B.
0767e0  2c 93 42 00 40 93 42 00 e4 b9 41 00 ec b9 41 00   ,.B.@.B...A...A.
0767f0  f4 b9 41 00 fc b9 41 00 0c ba 41 00 14 ba 41 00   ..A...A...A...A.
076800  1c ba 41 00 24 ba 41 00 2c ba 41 00 34 ba 41 00   ..A.$.A.,.A.4.A.
076810  04 ba 41 00 06 00 00 00 07 00 00 00 01 00 00 00   ..A.............
076820  02 00 00 00 03 00 00 00 04 00 00 00 05 00 00 00   ................
076830  08 00 00 00 09 00 00 00 0a 00 00 00 00 00 00 00   ................
076840  00 00 00 00 00 00 80 00 00 00 00 00 02 00 00 00   ................
076850  01 00 00 00 00 00 00 00 00 00 00 00 80 00 00 00   ................
076860  00 00 00 00 00 80 00 00 00 00 00 00 80 80 00 00   ................
076870  00 00 00 00 00 00 80 00 00 00 00 00 80 00 80 00   ................
076880  00 00 00 00 00 80 80 00 00 00 00 00 80 80 80 00   ................
076890  00 00 00 00 c0 c0 c0 00 00 00 00 00 ff 00 00 00   ................
0768a0  00 00 00 00 00 ff 00 00 00 00 00 00 ff ff 00 00   ................
0768b0  00 00 00 00 00 00 ff 00 00 00 00 00 ff 00 ff 00   ................
0768c0  00 00 00 00 00 ff ff 00 00 00 00 00 ff ff ff 00   ................
0768d0  00 00 00 00 c0 dc c0 00 00 00 00 00 a6 ca f0 00   ................
0768e0  00 00 00 00 ff fb f0 00 00 00 00 00 a0 a0 a4 00   ................
0768f0  00 00 00 00 0a 00 00 ff 00 00 00 00 02 00 00 ff   ................
076900  00 00 00 00 0c 00 00 ff 00 00 00 00 01 00 00 ff   ................
076910  00 00 00 00 0f 00 00 ff 00 00 00 00 14 00 00 ff   ................
076920  00 00 00 00 10 00 00 ff 00 00 00 00 12 00 00 ff   ................
076930  00 00 00 00 09 00 00 ff 00 00 00 00 00 00 00 20   ............... 
076940  00 00 00 00 11 00 00 ff 00 00 00 00 0d 00 00 ff   ................
076950  00 00 00 00 0e 00 00 ff 00 00 00 00 0b 00 00 ff   ................
076960  00 00 00 00 03 00 00 ff 00 00 00 00 13 00 00 ff   ................
076970  00 00 00 00 18 00 00 ff 00 00 00 00 17 00 00 ff   ................
076980  00 00 00 00 04 00 00 ff 00 00 00 00 07 00 00 ff   ................
076990  00 00 00 00 ff ff ff 1f 00 00 00 00 00 00 00 ff   ................
0769a0  00 00 00 00 15 00 00 ff 00 00 00 00 16 00 00 ff   ................
0769b0  00 00 00 00 05 00 00 ff 00 00 00 00 06 00 00 ff   ................
0769c0  00 00 00 00 08 00 00 ff 00 00 00 00 00 00 00 00   ................
0769d0  4c b9 41 00 54 b9 41 00 6c b9 41 00 5c b9 41 00   L.A.T.A.l.A.\.A.
0769e0  64 b9 41 00 74 b9 41 00 8c b9 41 00 84 b9 41 00   d.A.t.A...A...A.
0769f0  7c b9 41 00 94 b9 41 00 54 c2 42 00 60 c2 42 00   |.A...A.T.B.`.B.
076a00  bc c2 42 00 c8 c2 42 00 24 c3 42 00 00 00 00 00   ..B...B.$.B.....
076a10  64 c4 42 00 a8 c4 42 00 00 00 00 00 64 c4 42 00   d.B...B.....d.B.
076a20  b4 c4 42 00 10 6a 47 00 e4 c5 42 00 04 c6 42 00   ..B..jG...B...B.
076a30  2c c6 42 00 3c c6 42 00 48 c6 42 00 5c c6 42 00   ,.B.<.B.H.B.\.B.
076a40  68 c6 42 00 80 c6 42 00 90 c6 42 00 a4 c6 42 00   h.B...B...B...B.
076a50  b0 c6 42 00 bc c6 42 00 d0 c6 42 00 dc c6 42 00   ..B...B...B...B.
076a60  f0 c6 42 00 fc c6 42 00 14 c7 42 00 24 c7 42 00   ..B...B...B.$.B.
076a70  2c c7 42 00 40 c7 42 00 50 c7 42 00 60 c7 42 00   ,.B.@.B.P.B.`.B.
076a80  70 c7 42 00 84 c7 42 00 9c c7 42 00 b0 c7 42 00   p.B...B...B...B.
076a90  00 00 00 00 00 00 80 00 00 00 02 00 01 00 8b c0   ................
076aa0  00 00 10 00 00 00 10 00 00 00 00 00 20 00 00 00   ............ ...
076ab0  00 00 00 00 00 08 00 00 00 00 00 00 08 00 00 00   ................
076ac0  10 00 00 00 00 01 00 00 00 00 00 00 00 00 00 00   ................
076ad0  00 04 00 00 1c 13 43 00 00 00 00 00 02 00 00 00   ......C.........
076ae0  01 00 00 00 02 00 00 00 00 00 00 00 01 00 00 00   ................
076af0  00 00 00 00 00 00 10 00 00 00 20 00 00 00 30 00   .......... ...0.
076b00  00 00 00 00 80 00 00 00 00 00 00 00 01 00 00 00   ................
076b10  20 00 00 00 00 00 00 00 00 00 00 00 20 00 00 00    ........... ...
076b20  00 00 00 00 00 00 00 00 5c 50 43 00 03 07 0d 0b   ........\PC.....
076b30  0e 0f 03 90 00 00 00 00 74 52 43 00 fe ff ff ff   ........tRC.....
076b40  88 52 43 00 fd ff ff ff 98 52 43 00 fc ff ff ff   .RC......RC.....
076b50  a8 52 43 00 fa ff ff ff b8 52 43 00 f9 ff ff ff   .RC......RC.....
076b60  cc 52 43 00 f8 ff ff ff e0 52 43 00 f7 ff ff ff   .RC......RC.....
076b70  f4 52 43 00 f6 ff ff ff 08 53 43 00 f5 ff ff ff   .RC......SC.....
076b80  1c 53 43 00 f4 ff ff ff 30 53 43 00 f3 ff ff ff   .SC.....0SC.....
076b90  40 53 43 00 f2 ff ff ff 54 53 43 00 f1 ff ff ff   @SC.....TSC.....
076ba0  68 53 43 00 f0 ff ff ff 7c 53 43 00 ef ff ff ff   hSC.....|SC.....
076bb0  90 53 43 00 ee ff ff ff a4 53 43 00 ed ff ff ff   .SC......SC.....
076bc0  b4 53 43 00 ec ff ff ff c8 53 43 00 eb ff ff ff   .SC......SC.....
076bd0  d8 53 43 00 ea ff ff ff ec 53 43 00 ea ff ff ff   .SC......SC.....
076be0  00 54 43 00 00 00 00 00 97 00 57 00 01 00 00 00   .TC.......W.....
076bf0  00 00 00 00 08 00 00 00 04 00 00 00 00 00 00 00   ................
076c00  00 00 00 00 02 00 00 00 01 00 00 00 00 00 00 00   ................
076c10  00 00 00 00 00 00 00 00 00 10 00 00 00 40 00 00   .............@..
076c20  00 80 00 00 00 00 00 00 08 00 00 00 04 00 00 00   ................
076c30  00 00 08 00 00 01 01 02 02 00 00 90 00 00 01 00   ................
076c40  01 00 00 90 ff ff ff ff 00 00 f1 ff f2 ff 8b c0   ................
076c50  00 00 00 00 00 08 09 03 0b 09 01 09 02 00 00 00   ................
076c60  04 00 00 00 00 00 00 00 01 00 00 00 00 00 00 00   ................
076c70  10 00 00 00 00 00 00 00 01 00 00 00 c8 73 44 00   .............sD.
076c80  00 01 8b c0 00 01 00 90 01 00 8b c0 01 00 01 90   ................
076c90  00 00 00 00 00 00 00 00 00 00 00 00 00 00 00 00   ................
076ca0  00 00 00 00 00 00 00 00 00 00 00 00 00 00 00 00   ................
076cb0  00 00 00 00 00 00 00 00 00 00 00 00 00 00 00 00   ................
076cc0  00 00 00 00 00 00 00 00 00 00 00 00 00 00 00 00   ................
076cd0  00 00 00 00 00 00 00 00 00 00 00 00 08 00 00 00   ................
076ce0  03 00 00 00 00 00 00 00 00 00 00 00 40 00 00 00   ............@...
076cf0  20 00 00 00 00 00 00 00 00 08 00 00 00 00 00 00    ...............
076d00  40 00 00 00 20 00 00 00 00 00 00 00 08 00 00 00   @... ...........
076d10  00 00 00 00 00 10 00 00 03 00 00 00 00 00 00 00   ................
076d20  00 00 00 00 00 02 00 00 00 00 00 00 00 08 00 00   ................
076d30  00 00 00 00 00 60 00 00 00 00 00 00 00 01 00 00   .....`..........
076d40  00 00 02 00 01 00 8b c0 04 00 00 00 02 00 00 00   ................
076d50  00 00 02 00 01 00 8b c0 00 00 08 00 04 00 08 00   ................
076d60  00 00 04 00 02 00 00 00 94 4d 43 00 00 00 00 00   .........MC.....
076d70  01 8d 40 00 00 00 00 00 00 00 00 00 00 00 00 00   ..@.............
076d80  00 00 00 00 00 00 00 00 15 00 00 00 02 00 00 00   ................
076d90  03 00 00 00 14 00 00 00 00 02 00 00 02 00 00 00   ................
076da0  10 00 00 00 04 00 00 00 80 00 00 00 00 01 00 00   ................
076db0  01 00 00 00 20 00 00 00 08 00 00 00 40 00 00 00   .... .......@...
076dc0  00 00 00 00 01 00 00 00 02 00 00 00 00 00 00 00   ................
076dd0  00 00 80 00 01 00 00 00 06 00 00 00 03 00 00 00   ................
076de0  04 00 00 00 07 00 00 00 03 00 00 00 01 00 00 00   ................
076df0  07 00 00 00 03 00 00 00 00 00 00 00 02 00 00 00   ................
076e00  00 00 00 00 01 00 00 00 86 7f 00 00 f9 7f 00 00   ................
076e10  8b 7f 00 00 8a 7f 00 00 88 7f 00 00 fa 7f 00 00   ................
076e20  fb 7f 00 00 fc 7f 00 00 fd 7f 00 00 ff 7f 00 00   ................
076e30  fe 7f 00 00 02 7f 00 00 04 7f 00 00 84 7f 00 00   ................
076e40  82 7f 00 00 85 7f 00 00 83 7f 00 00 86 7f 00 00   ................
076e50  01 7f 00 00 03 7f 00 00 00 7f 00 00 00 00 00 00   ................
076e60  b4 6a 40 00 00 00 00 00 00 00 00 00 00 00 00 00   .j@.............
076e70  00 00 00 00 00 00 00 00 00 00 00 00 00 00 00 00   ................
076e80  50 6e 45 00 00 8d 40 00 97 00 57 00 84 cb 45 00   PnE...@...W...E.
076e90  00 00 00 00 00 01 37 00 00 00 00 00 90 cb 45 00   ......7.......E.
076ea0  00 00 00 00 00 02 d5 0a 00 00 00 00 90 cb 45 00   ..............E.
076eb0  0e 00 2a 00 00 01 d5 00 00 00 00 00 9c cb 45 00   ..*...........E.
076ec0  00 00 00 00 00 02 d4 0a 00 00 00 00 9c cb 45 00   ..............E.
076ed0  0e 00 2a 00 00 01 d4 00 00 00 00 00 a8 cb 45 00   ..*...........E.
076ee0  00 00 00 00 00 01 3f 00 00 00 00 00 b4 cb 45 00   ......?.......E.
076ef0  0e 00 03 2a 00 01 14 00 00 00 00 00 b4 cb 45 00   ...*..........E.
076f00  0f 00 04 2b 00 02 66 15 00 00 00 00 b4 cb 45 00   ...+..f.......E.
076f10  10 00 05 2c 00 01 15 00 00 00 00 00 b4 cb 45 00   ...,..........E.
076f20  03 0e 21 2a 00 01 80 00 00 00 00 00 b4 cb 45 00   ..!*..........E.
076f30  03 0f 22 2b 00 02 66 81 00 00 00 00 b4 cb 45 00   .."+..f.......E.
076f40  03 10 23 2c 00 01 81 00 00 00 00 00 b4 cb 45 00   ..#,..........E.
076f50  03 0e 22 2a 00 02 66 83 00 00 00 00 b4 cb 45 00   .."*..f.......E.
076f60  03 0e 23 2a 00 01 83 00 00 00 00 00 b4 cb 45 00   ..#*..........E.
076f70  09 00 21 0e 00 01 10 00 00 00 00 00 b4 cb 45 00   ..!...........E.
076f80  09 00 22 0f 00 02 66 11 00 00 00 00 b4 cb 45 00   .."...f.......E.
076f90  09 00 23 10 00 01 11 00 00 00 00 00 b4 cb 45 00   ..#...........E.
076fa0  09 00 0e 21 00 01 12 00 00 00 00 00 b4 cb 45 00   ...!..........E.
076fb0  09 00 0f 22 00 02 66 13 00 00 00 00 b4 cb 45 00   ..."..f.......E.
076fc0  09 00 10 23 00 01 13 00 00 00 00 00 c0 cb 45 00   ...#..........E.
076fd0  0e 00 03 2a 00 01 04 00 00 00 00 00 c0 cb 45 00   ...*..........E.
076fe0  0f 00 04 2b 00 02 66 05 00 00 00 00 c0 cb 45 00   ...+..f.......E.
076ff0  10 00 05 2c 00 01 05 00 00 00 00 00 c0 cb 45 00   ...,..........E.
077000  01 0e 21 2a 00 01 80 00 00 00 00 00 c0 cb 45 00   ..!*..........E.
077010  01 0f 22 2b 00 02 66 81 00 00 00 00 c0 cb 45 00   .."+..f.......E.
077020  01 10 23 2c 00 01 81 00 00 00 00 00 c0 cb 45 00   ..#,..........E.
077030  01 0e 22 2a 00 02 66 83 00 00 00 00 c0 cb 45 00   .."*..f.......E.
077040  01 0e 23 2a 00 01 83 00 00 00 00 00 c0 cb 45 00   ..#*..........E.
077050  09 00 23 10 00 01 01 00 00 00 00 00 c0 cb 45 00   ..#...........E.
077060  09 00 22 0f 00 02 66 01 00 00 00 00 c0 cb 45 00   .."...f.......E.
077070  09 00 21 0e 00 01 00 00 00 00 00 00 c0 cb 45 00   ..!...........E.
077080  09 00 10 23 00 01 03 00 00 00 00 00 c0 cb 45 00   ...#..........E.
077090  09 00 0f 22 00 02 66 03 00 00 00 00 c0 cb 45 00   ..."..f.......E.
0770a0  09 00 0e 21 00 01 02 00 00 00 00 00 cc cb 45 00   ...!..........E.
0770b0  09 00 12 29 00 03 66 0f 58 00 00 00 dc cb 45 00   ...)..f.X.....E.
0770c0  09 00 12 29 00 02 0f 58 00 00 00 00 ec cb 45 00   ...)...X......E.
0770d0  09 00 12 28 00 03 f2 0f 58 00 00 00 fc cb 45 00   ...(....X.....E.
0770e0  09 00 12 27 00 03 f3 0f 58 00 00 00 0c cc 45 00   ...'....X.....E.
0770f0  0e 00 03 2a 00 01 24 00 00 00 00 00 0c cc 45 00   ...*..$.......E.
077100  0f 00 04 2b 00 02 66 25 00 00 00 00 0c cc 45 00   ...+..f%......E.
077110  10 00 05 2c 00 01 25 00 00 00 00 00 0c cc 45 00   ...,..%.......E.
077120  05 0e 21 2a 00 01 80 00 00 00 00 00 0c cc 45 00   ..!*..........E.
077130  05 0f 22 2b 00 02 66 81 00 00 00 00 0c cc 45 00   .."+..f.......E.
077140  05 10 23 2c 00 01 81 00 00 00 00 00 0c cc 45 00   ..#,..........E.
077150  05 0e 22 2a 00 02 66 83 00 00 00 00 0c cc 45 00   .."*..f.......E.
077160  05 0e 23 2a 00 01 83 00 00 00 00 00 0c cc 45 00   ..#*..........E.
077170  09 00 21 0e 00 01 20 00 00 00 00 00 0c cc 45 00   ..!... .......E.
077180  09 00 22 0f 00 02 66 21 00 00 00 00 0c cc 45 00   .."...f!......E.
077190  09 00 23 10 00 01 21 00 00 00 00 00 0c cc 45 00   ..#...!.......E.
0771a0  09 00 0e 21 00 01 22 00 00 00 00 00 0c cc 45 00   ...!..".......E.
0771b0  09 00 0f 22 00 02 66 23 00 00 00 00 0c cc 45 00   ..."..f#......E.
0771c0  09 00 10 23 00 01 23 00 00 00 00 00 18 cc 45 00   ...#..#.......E.
0771d0  09 00 12 29 00 03 66 0f ff 00 00 00 28 cc 45 00   ...)..f.....(.E.
0771e0  09 00 12 29 00 02 0f 55 00 00 00 00 38 cc 45 00   ...)...U....8.E.
0771f0  09 00 12 29 00 03 66 0f 54 00 00 00 48 cc 45 00   ...)..f.T...H.E.
077200  09 00 12 29 00 02 0f 54 00 00 00 00 58 cc 45 00   ...)...T....X.E.
077210  09 00 22 0f 00 01 63 00 00 00 00 00 68 cc 45 00   .."...c.....h.E.
077220  09 00 0f 22 00 02 66 62 00 00 00 00 68 cc 45 00   ..."..fb....h.E.
077230  09 00 10 23 00 01 62 00 00 00 00 00 78 cc 45 00   ...#..b.....x.E.
077240  09 00 0f 22 00 03 66 0f bc 00 00 00 78 cc 45 00   ..."..f.....x.E.
077250  09 00 10 23 00 02 0f bc 00 00 00 00 84 cc 45 00   ...#..........E.
077260  09 00 0f 22 00 03 66 0f bd 00 00 00 84 cc 45 00   ..."..f.......E.
077270  09 00 10 23 00 02 0f bd 00 00 00 00 90 cc 45 00   ...#..........E.
077280  13 00 10 00 00 02 0f c8 00 00 00 00 a0 cc 45 00   ..............E.
077290  09 00 22 0f 00 03 66 0f a3 00 00 00 a0 cc 45 00   .."...f.......E.
0772a0  09 00 23 10 00 02 0f a3 00 00 00 00 a0 cc 45 00   ..#...........E.
0772b0  05 0e 22 2a 00 03 66 0f ba 00 00 00 a0 cc 45 00   .."*..f.......E.
0772c0  05 0e 23 2a 00 02 0f ba 00 00 00 00 ac cc 45 00   ..#*..........E.
0772d0  09 00 22 0f 00 03 66 0f bb 00 00 00 ac cc 45 00   .."...f.......E.
0772e0  09 00 23 10 00 02 0f bb 00 00 00 00 ac cc 45 00   ..#...........E.
0772f0  08 0e 22 2a 00 03 66 0f ba 00 00 00 ac cc 45 00   .."*..f.......E.
077300  08 0e 23 2a 00 02 0f ba 00 00 00 00 b8 cc 45 00   ..#*..........E.
077310  09 00 22 0f 00 03 66 0f b3 00 00 00 b8 cc 45 00   .."...f.......E.
077320  09 00 23 10 00 02 0f b3 00 00 00 00 b8 cc 45 00   ..#...........E.
077330  07 0e 22 2a 00 03 66 0f ba 00 00 00 b8 cc 45 00   .."*..f.......E.
077340  07 0e 23 2a 00 02 0f ba 00 00 00 00 c4 cc 45 00   ..#*..........E.
077350  09 00 22 0f 00 03 66 0f ab 00 00 00 c4 cc 45 00   .."...f.......E.
077360  09 00 23 10 00 02 0f ab 00 00 00 00 c4 cc 45 00   ..#...........E.
077370  06 0e 22 2a 00 03 66 0f ba 00 00 00 c4 cc 45 00   .."*..f.......E.
077380  06 0e 23 2a 00 02 0f ba 00 00 00 00 d0 cc 45 00   ..#*..........E.
077390  0c 00 2f 00 00 01 e8 00 00 00 00 00 d0 cc 45 00   ../...........E.
0773a0  03 00 23 00 00 01 ff 00 00 00 00 00 e0 cc 45 00   ..#...........E.
0773b0  00 00 00 00 00 02 66 98 00 00 00 00 ec cc 45 00   ......f.......E.
0773c0  00 00 00 00 00 01 99 00 00 00 00 00 f8 cc 45 00   ..............E.
0773d0  00 00 00 00 00 01 f8 00 00 00 00 00 04 cd 45 00   ..............E.
0773e0  00 00 00 00 00 01 f8 00 00 00 00 00 10 cd 45 00   ..............E.
0773f0  08 00 18 00 00 02 0f ae 00 00 00 00 20 cd 45 00   ............ .E.
077400  00 00 00 00 00 01 fa 00 00 00 00 00 2c cd 45 00   ............,.E.
077410  00 00 00 00 00 02 0f 06 00 00 00 00 3c cd 45 00   ............<.E.
077420  00 00 00 00 00 01 f5 00 00 00 00 00 48 cd 45 00   ............H.E.
077430  09 00 0f 22 00 03 66 0f 47 00 00 00 48 cd 45 00   ..."..f.G...H.E.
077440  09 00 10 23 00 02 0f 47 00 00 00 00 58 cd 45 00   ...#...G....X.E.
077450  09 00 0f 22 00 03 66 0f 43 00 00 00 58 cd 45 00   ..."..f.C...X.E.
077460  09 00 10 23 00 02 0f 43 00 00 00 00 68 cd 45 00   ...#...C....h.E.
077470  09 00 0f 22 00 03 66 0f 42 00 00 00 68 cd 45 00   ..."..f.B...h.E.
077480  09 00 10 23 00 02 0f 42 00 00 00 00 78 cd 45 00   ...#...B....x.E.
077490  09 00 0f 22 00 03 66 0f 46 00 00 00 78 cd 45 00   ..."..f.F...x.E.
0774a0  09 00 10 23 00 02 0f 46 00 00 00 00 88 cd 45 00   ...#...F......E.
0774b0  09 00 0f 22 00 03 66 0f 42 00 00 00 88 cd 45 00   ..."..f.B.....E.
0774c0  09 00 10 23 00 02 0f 42 00 00 00 00 98 cd 45 00   ...#...B......E.
0774d0  09 00 0f 22 00 03 66 0f 44 00 00 00 98 cd 45 00   ..."..f.D.....E.
0774e0  09 00 10 23 00 02 0f 44 00 00 00 00 a8 cd 45 00   ...#...D......E.
0774f0  09 00 0f 22 00 03 66 0f 4f 00 00 00 a8 cd 45 00   ..."..f.O.....E.
077500  09 00 10 23 00 02 0f 4f 00 00 00 00 b8 cd 45 00   ...#...O......E.
077510  09 00 0f 22 00 03 66 0f 4d 00 00 00 b8 cd 45 00   ..."..f.M.....E.
077520  09 00 10 23 00 02 0f 4d 00 00 00 00 c8 cd 45 00   ...#...M......E.
077530  09 00 0f 22 00 03 66 0f 4c 00 00 00 c8 cd 45 00   ..."..f.L.....E.
077540  09 00 10 23 00 02 0f 4c 00 00 00 00 d8 cd 45 00   ...#...L......E.
077550  09 00 0f 22 00 03 66 0f 4e 00 00 00 d8 cd 45 00   ..."..f.N.....E.
077560  09 00 10 23 00 02 0f 4e 00 00 00 00 e8 cd 45 00   ...#...N......E.
077570  09 00 0f 22 00 03 66 0f 46 00 00 00 e8 cd 45 00   ..."..f.F.....E.
077580  09 00 10 23 00 02 0f 46 00 00 00 00 f8 cd 45 00   ...#...F......E.
077590  09 00 0f 22 00 03 66 0f 42 00 00 00 f8 cd 45 00   ..."..f.B.....E.
0775a0  09 00 10 23 00 02 0f 42 00 00 00 00 08 ce 45 00   ...#...B......E.
0775b0  09 00 0f 22 00 03 66 0f 43 00 00 00 08 ce 45 00   ..."..f.C.....E.
0775c0  09 00 10 23 00 02 0f 43 00 00 00 00 18 ce 45 00   ...#...C......E.
0775d0  09 00 0f 22 00 03 66 0f 47 00 00 00 18 ce 45 00   ..."..f.G.....E.
0775e0  09 00 10 23 00 02 0f 47 00 00 00 00 28 ce 45 00   ...#...G....(.E.
0775f0  09 00 0f 22 00 03 66 0f 43 00 00 00 28 ce 45 00   ..."..f.C...(.E.
077600  09 00 10 23 00 02 0f 43 00 00 00 00 38 ce 45 00   ...#...C....8.E.
077610  09 00 0f 22 00 03 66 0f 45 00 00 00 38 ce 45 00   ..."..f.E...8.E.
077620  09 00 10 23 00 02 0f 45 00 00 00 00 48 ce 45 00   ...#...E....H.E.
077630  09 00 0f 22 00 03 66 0f 4e 00 00 00 48 ce 45 00   ..."..f.N...H.E.
077640  09 00 10 23 00 02 0f 4e 00 00 00 00 58 ce 45 00   ...#...N....X.E.
077650  09 00 0f 22 00 03 66 0f 4c 00 00 00 58 ce 45 00   ..."..f.L...X.E.
077660  09 00 10 23 00 02 0f 4c 00 00 00 00 68 ce 45 00   ...#...L....h.E.
077670  09 00 0f 22 00 03 66 0f 4d 00 00 00 68 ce 45 00   ..."..f.M...h.E.
077680  09 00 10 23 00 02 0f 4d 00 00 00 00 78 ce 45 00   ...#...M....x.E.
077690  09 00 0f 22 00 03 66 0f 4f 00 00 00 78 ce 45 00   ..."..f.O...x.E.
0776a0  09 00 10 23 00 02 0f 4f 00 00 00 00 88 ce 45 00   ...#...O......E.
0776b0  09 00 0f 22 00 03 66 0f 41 00 00 00 88 ce 45 00   ..."..f.A.....E.
0776c0  09 00 10 23 00 02 0f 41 00 00 00 00 98 ce 45 00   ...#...A......E.
0776d0  09 00 0f 22 00 03 66 0f 4b 00 00 00 98 ce 45 00   ..."..f.K.....E.
0776e0  09 00 10 23 00 02 0f 4b 00 00 00 00 a8 ce 45 00   ...#...K......E.
0776f0  09 00 0f 22 00 03 66 0f 49 00 00 00 a8 ce 45 00   ..."..f.I.....E.
077700  09 00 10 23 00 02 0f 49 00 00 00 00 b8 ce 45 00   ...#...I......E.
077710  09 00 0f 22 00 03 66 0f 45 00 00 00 b8 ce 45 00   ..."..f.E.....E.
077720  09 00 10 23 00 02 0f 45 00 00 00 00 c8 ce 45 00   ...#...E......E.
077730  09 00 0f 22 00 03 66 0f 40 00 00 00 c8 ce 45 00   ..."..f.@.....E.
077740  09 00 10 23 00 02 0f 40 00 00 00 00 d8 ce 45 00   ...#...@......E.
077750  09 00 0f 22 00 03 66 0f 4a 00 00 00 d8 ce 45 00   ..."..f.J.....E.
077760  09 00 10 23 00 02 0f 4a 00 00 00 00 e8 ce 45 00   ...#...J......E.
077770  09 00 0f 22 00 03 66 0f 4a 00 00 00 e8 ce 45 00   ..."..f.J.....E.
077780  09 00 10 23 00 02 0f 4a 00 00 00 00 f8 ce 45 00   ...#...J......E.
077790  09 00 0f 22 00 03 66 0f 4b 00 00 00 f8 ce 45 00   ..."..f.K.....E.
0777a0  09 00 10 23 00 02 0f 4b 00 00 00 00 08 cf 45 00   ...#...K......E.
0777b0  09 00 0f 22 00 03 66 0f 48 00 00 00 08 cf 45 00   ..."..f.H.....E.
0777c0  09 00 10 23 00 02 0f 48 00 00 00 00 18 cf 45 00   ...#...H......E.
0777d0  09 00 0f 22 00 03 66 0f 44 00 00 00 18 cf 45 00   ..."..f.D.....E.
0777e0  09 00 10 23 00 02 0f 44 00 00 00 00 28 cf 45 00   ...#...D....(.E.
0777f0  0e 00 03 2a 00 01 3c 00 00 00 00 00 28 cf 45 00   ...*..<.....(.E.
077800  0f 00 04 2b 00 02 66 3d 00 00 00 00 28 cf 45 00   ...+..f=....(.E.
077810  10 00 05 2c 00 01 3d 00 00 00 00 00 28 cf 45 00   ...,..=.....(.E.
077820  08 0e 21 2a 00 01 80 00 00 00 00 00 28 cf 45 00   ..!*........(.E.
077830  08 0e 22 2a 00 02 66 83 00 00 00 00 28 cf 45 00   .."*..f.....(.E.
077840  08 0e 23 2a 00 01 83 00 00 00 00 00 28 cf 45 00   ..#*........(.E.
077850  08 0f 22 2b 00 02 66 81 00 00 00 00 28 cf 45 00   .."+..f.....(.E.
077860  08 10 23 2c 00 01 81 00 00 00 00 00 28 cf 45 00   ..#,........(.E.
077870  09 00 21 0e 00 01 38 00 00 00 00 00 28 cf 45 00   ..!...8.....(.E.
077880  09 00 22 0f 00 02 66 39 00 00 00 00 28 cf 45 00   .."...f9....(.E.
077890  09 00 23 10 00 01 39 00 00 00 00 00 28 cf 45 00   ..#...9.....(.E.
0778a0  09 00 0e 21 00 01 3a 00 00 00 00 00 28 cf 45 00   ...!..:.....(.E.
0778b0  09 00 0f 22 00 02 66 3b 00 00 00 00 28 cf 45 00   ..."..f;....(.E.
0778c0  09 00 10 23 00 01 3b 00 00 00 00 00 34 cf 45 00   ...#..;.....4.E.
0778d0  09 0e 12 29 2a 03 66 0f c2 00 00 00 44 cf 45 00   ...)*.f.....D.E.
0778e0  09 0e 12 29 2a 02 0f c2 00 00 00 00 54 cf 45 00   ...)*.......T.E.
0778f0  00 00 00 00 00 01 a6 00 00 00 00 00 64 cf 45 00   ............d.E.
077900  00 00 00 00 00 01 a6 00 00 00 00 00 64 cf 45 00   ............d.E.
077910  09 0e 12 28 2a 03 f2 0f c2 00 00 00 74 cf 45 00   ...(*.......t.E.
077920  09 0e 12 27 2a 03 f3 0f c2 00 00 00 84 cf 45 00   ...'*.........E.
077930  00 00 00 00 00 02 66 a6 00 00 00 00 94 cf 45 00   ......f.......E.
077940  09 00 23 10 00 02 0f b0 00 00 00 00 94 cf 45 00   ..#...........E.
077950  09 00 22 0f 00 02 66 0f b1 00 00 00 94 cf 45 00   .."...f.......E.
077960  09 00 23 10 00 02 0f b1 00 00 00 00 a4 cf 45 00   ..#...........E.
077970  02 00 1b 00 00 02 0f c7 00 00 00 00 b8 cf 45 00   ..............E.
077980  09 00 12 28 00 03 66 0f 2f 00 00 00 c8 cf 45 00   ...(..f./.....E.
077990  09 00 12 27 00 02 0f 2f 00 00 00 00 d8 cf 45 00   ...'.../......E.
0779a0  00 00 00 00 00 02 0f a2 00 00 00 00 e8 cf 45 00   ..............E.
0779b0  09 00 12 28 00 03 f3 0f e6 00 00 00 fc cf 45 00   ...(..........E.
0779c0  09 00 12 29 00 02 0f 5b 00 00 00 00 10 d0 45 00   ...)...[......E.
0779d0  09 00 12 29 00 03 f2 0f e6 00 00 00 24 d0 45 00   ...)........$.E.
0779e0  09 00 11 29 00 03 66 0f 2d 00 00 00 38 d0 45 00   ...)..f.-...8.E.
0779f0  09 00 12 29 00 03 66 0f 5a 00 00 00 4c d0 45 00   ...)..f.Z...L.E.
077a00  09 00 12 26 00 03 66 0f 2a 00 00 00 60 d0 45 00   ...&..f.*...`.E.
077a10  09 00 12 26 00 02 0f 2a 00 00 00 00 74 d0 45 00   ...&...*....t.E.
077a20  09 00 12 29 00 03 66 0f 5b 00 00 00 88 d0 45 00   ...)..f.[.....E.
077a30  09 00 12 28 00 02 0f 5a 00 00 00 00 9c d0 45 00   ...(...Z......E.
077a40  09 00 11 28 00 02 0f 2d 00 00 00 00 b0 d0 45 00   ...(...-......E.
077a50  09 00 10 28 00 03 f2 0f 2d 00 00 00 c4 d0 45 00   ...(....-.....E.
077a60  09 00 12 28 00 03 f2 0f 5a 00 00 00 d8 d0 45 00   ...(....Z.....E.
077a70  09 00 12 23 00 03 f2 0f 2a 00 00 00 ec d0 45 00   ...#....*.....E.
077a80  09 00 12 23 00 03 f3 0f 2a 00 00 00 00 d1 45 00   ...#....*.....E.
077a90  09 00 12 27 00 03 f3 0f 5a 00 00 00 14 d1 45 00   ...'....Z.....E.
077aa0  09 00 10 27 00 03 f3 0f 2d 00 00 00 28 d1 45 00   ...'....-...(.E.
077ab0  09 00 12 29 00 03 66 0f e6 00 00 00 3c d1 45 00   ...)..f.....<.E.
077ac0  09 00 11 29 00 03 66 0f 2c 00 00 00 50 d1 45 00   ...)..f.,...P.E.
077ad0  09 00 11 28 00 03 0f 2c 00 00 00 00 64 d1 45 00   ...(...,....d.E.
077ae0  09 00 10 28 00 03 f2 0f 2c 00 00 00 78 d1 45 00   ...(....,...x.E.
077af0  09 00 10 28 00 03 f3 0f 2c 00 00 00 8c d1 45 00   ...(....,.....E.
077b00  00 00 00 00 00 01 99 00 00 00 00 00 98 d1 45 00   ..............E.
077b10  00 00 00 00 00 01 98 00 00 00 00 00 a8 d1 45 00   ..............E.
077b20  00 00 00 00 00 01 27 00 00 00 00 00 b4 d1 45 00   ......'.......E.
077b30  00 00 00 00 00 01 2f 00 00 00 00 00 c0 d1 45 00   ....../.......E.
077b40  02 00 21 00 00 01 fe 00 00 00 00 00 c0 d1 45 00   ..!...........E.
077b50  02 00 19 00 00 02 66 ff 00 00 00 00 c0 d1 45 00   ......f.......E.
077b60  02 00 1a 00 00 01 ff 00 00 00 00 00 c0 d1 45 00   ..............E.
077b70  12 00 0f 00 00 02 66 48 00 00 00 00 c0 d1 45 00   ......fH......E.
077b80  13 00 10 00 00 01 48 00 00 00 00 00 cc d1 45 00   ......H.......E.
077b90  07 00 21 00 00 01 f6 00 00 00 00 00 cc d1 45 00   ..!...........E.
077ba0  07 00 22 00 00 02 66 f7 00 00 00 00 cc d1 45 00   .."...f.......E.
077bb0  07 00 23 00 00 01 f7 00 00 00 00 00 d8 d1 45 00   ..#...........E.
077bc0  09 00 12 29 00 03 66 0f 5e 00 00 00 e8 d1 45 00   ...)..f.^.....E.
077bd0  09 00 12 29 00 02 0f 5e 00 00 00 00 f8 d1 45 00   ...)...^......E.
077be0  09 00 12 28 00 03 f2 0f 5e 00 00 00 08 d2 45 00   ...(....^.....E.
077bf0  09 00 12 27 00 03 f3 0f 5e 00 00 00 18 d2 45 00   ...'....^.....E.
077c00  00 00 00 00 00 02 0f 77 00 00 00 00 28 d2 45 00   .......w....(.E.
077c10  0f 0e 2b 2a 00 01 c8 00 00 00 00 00 38 d2 45 00   ..+*........8.E.
077c20  00 00 00 00 00 02 d9 f0 00 00 00 00 48 d2 45 00   ............H.E.
077c30  00 00 00 00 00 02 d9 e1 00 00 00 00 58 d2 45 00   ............X.E.
077c40  01 00 1a 00 00 01 d8 00 00 00 00 00 58 d2 45 00   ............X.E.
077c50  01 00 1b 00 00 01 dc 00 00 00 00 00 58 d2 45 00   ............X.E.
077c60  14 00 14 13 00 02 d8 c0 00 00 00 00 58 d2 45 00   ............X.E.
077c70  14 00 13 00 00 02 d8 c0 00 00 00 00 58 d2 45 00   ............X.E.
077c80  14 00 13 14 00 02 dc c0 00 00 00 00 68 d2 45 00   ............h.E.
077c90  14 00 13 14 00 02 de c0 00 00 00 00 68 d2 45 00   ............h.E.
077ca0  14 00 13 00 00 02 de c0 00 00 00 00 68 d2 45 00   ............h.E.
077cb0  00 00 00 00 00 02 de c1 00 00 00 00 78 d2 45 00   ............x.E.
077cc0  05 00 1c 00 00 01 df 00 00 00 00 00 88 d2 45 00   ..............E.
077cd0  07 00 1c 00 00 01 df 00 00 00 00 00 98 d2 45 00   ..............E.
077ce0  00 00 00 00 00 02 d9 e0 00 00 00 00 a8 d2 45 00   ..............E.
077cf0  00 00 00 00 00 03 9b db e2 00 00 00 b8 d2 45 00   ..............E.
077d00  14 00 14 13 00 02 da c0 00 00 00 00 b8 d2 45 00   ..............E.
077d10  14 00 13 00 00 02 da c0 00 00 00 00 c8 d2 45 00   ..............E.
077d20  14 00 14 13 00 02 da d0 00 00 00 00 c8 d2 45 00   ..............E.
077d30  14 00 13 00 00 02 da d0 00 00 00 00 d8 d2 45 00   ..............E.
077d40  14 00 14 13 00 02 da c8 00 00 00 00 d8 d2 45 00   ..............E.
077d50  14 00 13 00 00 02 da c8 00 00 00 00 e8 d2 45 00   ..............E.
077d60  14 00 14 13 00 02 db c0 00 00 00 00 e8 d2 45 00   ..............E.
077d70  14 00 13 00 00 02 db c0 00 00 00 00 f8 d2 45 00   ..............E.
077d80  14 00 14 13 00 02 db d0 00 00 00 00 f8 d2 45 00   ..............E.
077d90  14 00 13 00 00 02 db d0 00 00 00 00 0c d3 45 00   ..............E.
077da0  14 00 14 13 00 02 db c8 00 00 00 00 0c d3 45 00   ..............E.
077db0  14 00 13 00 00 02 db c8 00 00 00 00 1c d3 45 00   ..............E.
077dc0  14 00 14 13 00 02 db d8 00 00 00 00 1c d3 45 00   ..............E.
077dd0  14 00 13 00 00 02 db d8 00 00 00 00 2c d3 45 00   ............,.E.
077de0  14 00 14 13 00 02 da d8 00 00 00 00 2c d3 45 00   ............,.E.
077df0  14 00 13 00 00 02 da d8 00 00 00 00 3c d3 45 00   ............<.E.
077e00  03 00 1a 00 00 01 d8 00 00 00 00 00 3c d3 45 00   ............<.E.
077e10  03 00 1b 00 00 01 dc 00 00 00 00 00 3c d3 45 00   ............<.E.
077e20  14 00 13 00 00 02 d8 d0 00 00 00 00 3c d3 45 00   ............<.E.
077e30  00 00 00 00 00 02 d8 d1 00 00 00 00 4c d3 45 00   ............L.E.
077e40  04 00 1a 00 00 01 d8 00 00 00 00 00 4c d3 45 00   ............L.E.
077e50  04 00 1b 00 00 01 dc 00 00 00 00 00 4c d3 45 00   ............L.E.
077e60  14 00 13 00 00 02 d8 d8 00 00 00 00 4c d3 45 00   ............L.E.
077e70  00 00 00 00 00 02 d8 d9 00 00 00 00 5c d3 45 00   ............\.E.
077e80  14 00 14 13 00 02 db f0 00 00 00 00 5c d3 45 00   ............\.E.
077e90  14 00 13 00 00 02 db f0 00 00 00 00 6c d3 45 00   ............l.E.
077ea0  14 00 14 13 00 02 df f0 00 00 00 00 6c d3 45 00   ............l.E.
077eb0  14 00 13 00 00 02 df f0 00 00 00 00 7c d3 45 00   ............|.E.
077ec0  00 00 00 00 00 02 de d9 00 00 00 00 7c d3 45 00   ............|.E.
077ed0  00 00 00 00 00 02 de d9 00 00 00 00 8c d3 45 00   ..............E.
077ee0  00 00 00 00 00 02 d9 ff 00 00 00 00 9c d3 45 00   ..............E.
077ef0  00 00 00 00 00 02 d9 f6 00 00 00 00 ac d3 45 00   ..............E.
077f00  07 00 1a 00 00 01 d8 00 00 00 00 00 ac d3 45 00   ..............E.
077f10  07 00 1b 00 00 01 dc 00 00 00 00 00 ac d3 45 00   ..............E.
077f20  14 00 14 13 00 02 d8 f0 00 00 00 00 ac d3 45 00   ..............E.
077f30  14 00 13 00 00 02 d8 f0 00 00 00 00 ac d3 45 00   ..............E.
077f40  14 00 13 14 00 02 dc f8 00 00 00 00 bc d3 45 00   ..............E.
077f50  14 00 13 14 00 02 de f8 00 00 00 00 bc d3 45 00   ..............E.
077f60  14 00 13 00 00 02 de f8 00 00 00 00 bc d3 45 00   ..............E.
077f70  00 00 00 00 00 02 de f9 00 00 00 00 cc d3 45 00   ..............E.
077f80  08 00 1a 00 00 01 d8 00 00 00 00 00 cc d3 45 00   ..............E.
077f90  08 00 1b 00 00 01 dc 00 00 00 00 00 cc d3 45 00   ..............E.
077fa0  14 00 14 13 00 02 d8 f8 00 00 00 00 cc d3 45 00   ..............E.
077fb0  14 00 13 00 00 02 d8 f8 00 00 00 00 cc d3 45 00   ..............E.
077fc0  14 00 13 14 00 02 dc f0 00 00 00 00 dc d3 45 00   ..............E.
077fd0  14 00 13 14 00 02 de f0 00 00 00 00 dc d3 45 00   ..............E.
077fe0  00 00 00 00 00 02 de f1 00 00 00 00 ec d3 45 00   ..............E.
077ff0  14 00 13 00 00 02 dd c0 00 00 00 00 fc d3 45 00   ..............E.
078000  01 00 1a 00 00 01 da 00 00 00 00 00 fc d3 45 00   ..............E.
078010  01 00 19 00 00 01 de 00 00 00 00 00 0c d4 45 00   ..............E.
078020  03 00 1a 00 00 01 da 00 00 00 00 00 0c d4 45 00   ..............E.
078030  03 00 19 00 00 01 de 00 00 00 00 00 1c d4 45 00   ..............E.
078040  04 00 1a 00 00 01 da 00 00 00 00 00 1c d4 45 00   ..............E.
078050  04 00 19 00 00 01 de 00 00 00 00 00 2c d4 45 00   ............,.E.
078060  07 00 1a 00 00 01 da 00 00 00 00 00 2c d4 45 00   ............,.E.
078070  07 00 19 00 00 01 de 00 00 00 00 00 3c d4 45 00   ............<.E.
078080  08 00 1a 00 00 01 da 00 00 00 00 00 3c d4 45 00   ............<.E.
078090  08 00 19 00 00 01 de 00 00 00 00 00 4c d4 45 00   ............L.E.
0780a0  01 00 19 00 00 01 df 00 00 00 00 00 4c d4 45 00   ............L.E.
0780b0  01 00 1a 00 00 01 db 00 00 00 00 00 4c d4 45 00   ............L.E.
0780c0  06 00 1b 00 00 01 df 00 00 00 00 00 5c d4 45 00   ............\.E.
0780d0  02 00 1a 00 00 01 da 00 00 00 00 00 5c d4 45 00   ............\.E.
0780e0  02 00 19 00 00 01 de 00 00 00 00 00 6c d4 45 00   ............l.E.
0780f0  00 00 00 00 00 02 d9 f7 00 00 00 00 7c d4 45 00   ............|.E.
078100  00 00 00 00 00 03 9b db e3 00 00 00 8c d4 45 00   ..............E.
078110  03 00 1a 00 00 01 df 00 00 00 00 00 8c d4 45 00   ..............E.
078120  03 00 19 00 00 01 db 00 00 00 00 00 9c d4 45 00   ..............E.
078130  04 00 19 00 00 01 df 00 00 00 00 00 9c d4 45 00   ..............E.
078140  04 00 1a 00 00 01 db 00 00 00 00 00 9c d4 45 00   ..............E.
078150  08 00 1b 00 00 01 df 00 00 00 00 00 ac d4 45 00   ..............E.
078160  05 00 1a 00 00 01 da 00 00 00 00 00 ac d4 45 00   ..............E.
078170  05 00 19 00 00 01 de 00 00 00 00 00 bc d4 45 00   ..............E.
078180  06 00 1a 00 00 01 da 00 00 00 00 00 bc d4 45 00   ..............E.
078190  06 00 19 00 00 01 de 00 00 00 00 00 cc d4 45 00   ..............E.
0781a0  01 00 1a 00 00 01 d9 00 00 00 00 00 cc d4 45 00   ..............E.
0781b0  01 00 1b 00 00 01 dd 00 00 00 00 00 cc d4 45 00   ..............E.
0781c0  06 00 1c 00 00 01 db 00 00 00 00 00 cc d4 45 00   ..............E.
0781d0  14 00 13 00 00 02 d9 c0 00 00 00 00 d8 d4 45 00   ..............E.
0781e0  00 00 00 00 00 02 d9 e8 00 00 00 00 e8 d4 45 00   ..............E.
0781f0  06 00 19 00 00 01 d9 00 00 00 00 00 f8 d4 45 00   ..............E.
078200  05 00 1a 00 00 01 d9 00 00 00 00 00 08 d5 45 00   ..............E.
078210  00 00 00 00 00 02 d9 e8 00 00 00 00 18 d5 45 00   ..............E.
078220  00 00 00 00 00 02 d9 e8 00 00 00 00 28 d5 45 00   ............(.E.
078230  00 00 00 00 00 02 d9 e8 00 00 00 00 38 d5 45 00   ............8.E.
078240  00 00 00 00 00 02 d9 e8 00 00 00 00 48 d5 45 00   ............H.E.
078250  00 00 00 00 00 02 d9 e8 00 00 00 00 58 d5 45 00   ............X.E.
078260  00 00 00 00 00 02 d9 e8 00 00 00 00 68 d5 45 00   ............h.E.
078270  02 00 1a 00 00 01 d8 00 00 00 00 00 68 d5 45 00   ............h.E.
078280  02 00 1b 00 00 01 dc 00 00 00 00 00 68 d5 45 00   ............h.E.
078290  14 00 14 13 00 02 d8 c8 00 00 00 00 68 d5 45 00   ............h.E.
0782a0  14 00 13 00 00 02 d8 c8 00 00 00 00 68 d5 45 00   ............h.E.
0782b0  14 00 13 14 00 02 dc c8 00 00 00 00 78 d5 45 00   ............x.E.
0782c0  14 00 13 14 00 02 de c8 00 00 00 00 78 d5 45 00   ............x.E.
0782d0  14 00 13 00 00 02 de c8 00 00 00 00 78 d5 45 00   ............x.E.
0782e0  00 00 00 00 00 02 de c9 00 00 00 00 88 d5 45 00   ..............E.
0782f0  00 00 00 00 00 02 db e3 00 00 00 00 98 d5 45 00   ..............E.
078300  00 00 00 00 00 02 db e2 00 00 00 00 a8 d5 45 00   ..............E.
078310  00 00 00 00 00 02 d6 d0 00 00 00 00 b8 d5 45 00   ..............E.
078320  07 00 1a 00 00 01 dd 00 00 00 00 00 c8 d5 45 00   ..............E.
078330  08 00 19 00 00 01 d9 00 00 00 00 00 d8 d5 45 00   ..............E.
078340  07 00 1a 00 00 01 d9 00 00 00 00 00 e8 d5 45 00   ..............E.
078350  08 00 19 00 00 01 dd 00 00 00 00 00 e8 d5 45 00   ..............E.
078360  00 00 04 00 00 03 9b df df 00 00 00 f8 d5 45 00   ..............E.
078370  00 00 00 00 00 02 d9 f3 00 00 00 00 08 d6 45 00   ..............E.
078380  00 00 00 00 00 02 d9 f8 00 00 00 00 18 d6 45 00   ..............E.
078390  00 00 00 00 00 02 d9 f5 00 00 00 00 28 d6 45 00   ............(.E.
0783a0  00 00 00 00 00 02 d9 f2 00 00 00 00 38 d6 45 00   ............8.E.
0783b0  00 00 00 00 00 02 d9 fc 00 00 00 00 48 d6 45 00   ............H.E.
0783c0  05 00 1a 00 00 01 dd 00 00 00 00 00 58 d6 45 00   ............X.E.
0783d0  07 00 1a 00 00 02 9b dd 00 00 00 00 68 d6 45 00   ............h.E.
0783e0  00 00 00 00 00 02 d9 fd 00 00 00 00 78 d6 45 00   ............x.E.
0783f0  00 00 00 00 00 02 d9 fe 00 00 00 00 88 d6 45 00   ..............E.
078400  00 00 00 00 00 02 d9 fb 00 00 00 00 98 d6 45 00   ..............E.
078410  00 00 00 00 00 02 d9 fa 00 00 00 00 a8 d6 45 00   ..............E.
078420  03 00 1a 00 00 01 d9 00 00 00 00 00 a8 d6 45 00   ..............E.
078430  03 00 1b 00 00 01 dd 00 00 00 00 00 a8 d6 45 00   ..............E.
078440  14 00 13 00 00 02 dd d0 00 00 00 00 b4 d6 45 00   ..............E.
078450  08 00 19 00 00 02 9b d9 00 00 00 00 c4 d6 45 00   ..............E.
078460  07 00 1a 00 00 02 9b d9 00 00 00 00 d4 d6 45 00   ..............E.
078470  04 00 1a 00 00 01 d9 00 00 00 00 00 d4 d6 45 00   ..............E.
078480  04 00 1b 00 00 01 dd 00 00 00 00 00 d4 d6 45 00   ..............E.
078490  08 00 1c 00 00 01 db 00 00 00 00 00 d4 d6 45 00   ..............E.
0784a0  14 00 13 00 00 02 dd d8 00 00 00 00 e4 d6 45 00   ..............E.
0784b0  08 00 19 00 00 02 9b dd 00 00 00 00 e4 d6 45 00   ..............E.
0784c0  00 00 04 00 00 03 9b df e0 00 00 00 f4 d6 45 00   ..............E.
0784d0  05 00 1a 00 00 01 d8 00 00 00 00 00 f4 d6 45 00   ..............E.
0784e0  05 00 1b 00 00 01 dc 00 00 00 00 00 f4 d6 45 00   ..............E.
0784f0  14 00 14 13 00 02 d8 e0 00 00 00 00 f4 d6 45 00   ..............E.
078500  14 00 13 00 00 02 dc e8 00 00 00 00 f4 d6 45 00   ..............E.
078510  14 00 13 14 00 02 dc e8 00 00 00 00 04 d7 45 00   ..............E.
078520  14 00 13 14 00 02 de e8 00 00 00 00 04 d7 45 00   ..............E.
078530  14 00 13 00 00 02 de e8 00 00 00 00 04 d7 45 00   ..............E.
078540  00 00 00 00 00 02 de e9 00 00 00 00 14 d7 45 00   ..............E.
078550  14 00 13 14 00 02 de e0 00 00 00 00 14 d7 45 00   ..............E.
078560  14 00 13 00 00 02 de e0 00 00 00 00 14 d7 45 00   ..............E.
078570  00 00 00 00 00 02 de e1 00 00 00 00 24 d7 45 00   ............$.E.
078580  06 00 1a 00 00 01 d8 00 00 00 00 00 24 d7 45 00   ............$.E.
078590  06 00 1b 00 00 01 dc 00 00 00 00 00 24 d7 45 00   ............$.E.
0785a0  14 00 14 13 00 02 d8 e8 00 00 00 00 24 d7 45 00   ............$.E.
0785b0  14 00 13 00 00 02 d8 e8 00 00 00 00 24 d7 45 00   ............$.E.
0785c0  14 00 13 14 00 02 dc e0 00 00 00 00 34 d7 45 00   ............4.E.
0785d0  00 00 00 00 00 02 d9 e4 00 00 00 00 44 d7 45 00   ............D.E.
0785e0  14 00 13 00 00 02 dd e0 00 00 00 00 44 d7 45 00   ............D.E.
0785f0  00 00 00 00 00 02 dd e1 00 00 00 00 54 d7 45 00   ............T.E.
078600  14 00 14 13 00 02 db e8 00 00 00 00 54 d7 45 00   ............T.E.
078610  14 00 13 00 00 02 db e8 00 00 00 00 64 d7 45 00   ............d.E.
078620  14 00 14 13 00 02 df e8 00 00 00 00 64 d7 45 00   ............d.E.
078630  14 00 13 00 00 02 df e8 00 00 00 00 74 d7 45 00   ............t.E.
078640  14 00 13 00 00 02 dd e8 00 00 00 00 74 d7 45 00   ............t.E.
078650  00 00 00 00 00 02 dd e9 00 00 00 00 84 d7 45 00   ..............E.
078660  00 00 00 00 00 02 da e9 00 00 00 00 94 d7 45 00   ..............E.
078670  00 00 00 00 00 01 9b 00 00 00 00 00 a4 d7 45 00   ..............E.
078680  00 00 00 00 00 02 d9 e5 00 00 00 00 b4 d7 45 00   ..............E.
078690  14 00 13 00 00 02 d9 c8 00 00 00 00 b4 d7 45 00   ..............E.
0786a0  00 00 00 00 00 02 d9 c9 00 00 00 00 c4 d7 45 00   ..............E.
0786b0  02 00 1a 00 00 02 0f ae 00 00 00 00 d4 d7 45 00   ..............E.
0786c0  01 00 1a 00 00 02 0f ae 00 00 00 00 e4 d7 45 00   ..............E.
0786d0  00 00 00 00 00 02 d9 f4 00 00 00 00 f4 d7 45 00   ..............E.
0786e0  00 00 00 00 00 02 d9 f1 00 00 00 00 04 d8 45 00   ..............E.
0786f0  00 00 00 00 00 02 d9 f9 00 00 00 00 14 d8 45 00   ..............E.
078700  00 00 00 00 00 01 f4 00 00 00 00 00 20 d8 45 00   ............ .E.
078710  08 00 21 00 00 01 f6 00 00 00 00 00 20 d8 45 00   ..!......... .E.
078720  08 00 22 00 00 02 66 f7 00 00 00 00 20 d8 45 00   .."...f..... .E.
078730  08 00 23 00 00 01 f7 00 00 00 00 00 30 d8 45 00   ..#.........0.E.
078740  06 00 21 00 00 01 f6 00 00 00 00 00 30 d8 45 00   ..!.........0.E.
078750  06 00 22 00 00 02 66 f7 00 00 00 00 30 d8 45 00   .."...f.....0.E.
078760  06 00 23 00 00 01 f7 00 00 00 00 00 30 d8 45 00   ..#.........0.E.
078770  09 00 0f 22 00 03 66 0f af 00 00 00 30 d8 45 00   ..."..f.....0.E.
078780  09 00 10 23 00 02 0f af 00 00 00 00 30 d8 45 00   ...#........0.E.
078790  09 0e 0f 22 2a 02 66 6b 00 00 00 00 30 d8 45 00   ..."*.fk....0.E.
0787a0  09 0e 10 23 2a 01 6b 00 00 00 00 00 30 d8 45 00   ...#*.k.....0.E.
0787b0  09 0e 0f 2a 00 02 66 6b 00 00 00 00 30 d8 45 00   ...*..fk....0.E.
0787c0  09 0e 10 00 2a 01 6b 00 00 00 00 00 30 d8 45 00   ....*.k.....0.E.
0787d0  09 0f 0f 22 2b 02 66 69 00 00 00 00 30 d8 45 00   ..."+.fi....0.E.
0787e0  09 10 10 23 2c 01 69 00 00 00 00 00 30 d8 45 00   ...#,.i.....0.E.
0787f0  09 0f 0f 2b 00 02 66 69 00 00 00 00 30 d8 45 00   ...+..fi....0.E.
078800  09 10 10 2c 00 01 69 00 00 00 00 00 40 d8 45 00   ...,..i.....@.E.
078810  0e 00 03 2a 00 01 e4 00 00 00 00 00 40 d8 45 00   ...*........@.E.
078820  0e 00 04 2a 00 02 66 e5 00 00 00 00 40 d8 45 00   ...*..f.....@.E.
078830  0e 00 05 2a 00 01 e5 00 00 00 00 00 40 d8 45 00   ...*........@.E.
078840  00 00 03 07 00 01 ec 00 00 00 00 00 40 d8 45 00   ............@.E.
078850  00 00 04 07 00 02 66 ed 00 00 00 00 40 d8 45 00   ......f.....@.E.
078860  00 00 05 07 00 01 ed 00 00 00 00 00 4c d8 45 00   ............L.E.
078870  12 00 0f 00 00 02 66 40 00 00 00 00 4c d8 45 00   ......f@....L.E.
078880  13 00 10 00 00 01 40 00 00 00 00 00 4c d8 45 00   ......@.....L.E.
078890  01 00 21 00 00 01 fe 00 00 00 00 00 4c d8 45 00   ..!.........L.E.
0788a0  01 00 22 00 00 02 66 ff 00 00 00 00 4c d8 45 00   .."...f.....L.E.
0788b0  01 00 23 00 00 01 ff 00 00 00 00 00 58 d8 45 00   ..#.........X.E.
0788c0  00 00 00 00 00 01 6c 00 00 00 00 00 68 d8 45 00   ......l.....h.E.
0788d0  00 00 00 00 00 01 6d 00 00 00 00 00 78 d8 45 00   ......m.....x.E.
0788e0  00 00 00 00 00 02 66 6d 00 00 00 00 88 d8 45 00   ......fm......E.
0788f0  00 00 02 00 00 01 cc 00 00 00 00 00 88 d8 45 00   ..............E.
078900  0e 00 2a 00 00 01 cd 00 00 00 00 00 94 d8 45 00   ..*...........E.
078910  00 00 00 00 00 01 ce 00 00 00 00 00 a4 d8 45 00   ..............E.
078920  00 00 00 00 00 02 0f 08 00 00 00 00 b4 d8 45 00   ..............E.
078930  08 00 1a 00 00 02 0f 01 00 00 00 00 c4 d8 45 00   ..............E.
078940  00 00 00 00 00 02 66 ce 00 00 00 00 d4 d8 45 00   ......f.......E.
078950  00 00 00 00 00 01 cf 00 00 00 00 00 e4 d8 45 00   ..............E.
078960  0a 00 2d 00 00 01 77 00 00 00 00 00 e4 d8 45 00   ..-...w.......E.
078970  0c 00 2f 00 00 02 0f 87 00 00 00 00 f0 d8 45 00   ../...........E.
078980  0a 00 2d 00 00 01 73 00 00 00 00 00 f0 d8 45 00   ..-...s.......E.
078990  0c 00 2f 00 00 02 0f 83 00 00 00 00 fc d8 45 00   ../...........E.
0789a0  0a 00 2d 00 00 01 72 00 00 00 00 00 fc d8 45 00   ..-...r.......E.
0789b0  0c 00 2f 00 00 02 0f 82 00 00 00 00 08 d9 45 00   ../...........E.
0789c0  0a 00 2d 00 00 01 76 00 00 00 00 00 08 d9 45 00   ..-...v.......E.
0789d0  0c 00 2f 00 00 02 0f 86 00 00 00 00 14 d9 45 00   ../...........E.
0789e0  0a 00 2d 00 00 01 72 00 00 00 00 00 14 d9 45 00   ..-...r.......E.
0789f0  0c 00 2f 00 00 02 0f 82 00 00 00 00 20 d9 45 00   ../......... .E.
078a00  0a 00 2d 00 00 02 66 e3 00 00 00 00 30 d9 45 00   ..-...f.....0.E.
078a10  0a 00 2d 00 00 01 74 00 00 00 00 00 30 d9 45 00   ..-...t.....0.E.
078a20  0c 00 2f 00 00 02 0f 84 00 00 00 00 3c d9 45 00   ../.........<.E.
078a30  0a 00 2d 00 00 01 e3 00 00 00 00 00 4c d9 45 00   ..-.........L.E.
078a40  0a 00 2d 00 00 01 7f 00 00 00 00 00 4c d9 45 00   ..-.........L.E.
078a50  0c 00 2f 00 00 02 0f 8f 00 00 00 00 58 d9 45 00   ../.........X.E.
078a60  0a 00 2d 00 00 01 7d 00 00 00 00 00 58 d9 45 00   ..-...}.....X.E.
078a70  0c 00 2f 00 00 02 0f 8d 00 00 00 00 64 d9 45 00   ../.........d.E.
078a80  0a 00 2d 00 00 01 7c 00 00 00 00 00 64 d9 45 00   ..-...|.....d.E.
078a90  0c 00 2f 00 00 02 0f 8c 00 00 00 00 70 d9 45 00   ../.........p.E.
078aa0  0a 00 2d 00 00 01 7e 00 00 00 00 00 70 d9 45 00   ..-...~.....p.E.
078ab0  0c 00 2f 00 00 02 0f 8e 00 00 00 00 7c d9 45 00   ../.........|.E.
078ac0  0a 00 2d 00 00 01 eb 00 00 00 00 00 7c d9 45 00   ..-.........|.E.
078ad0  0c 00 2f 00 00 01 e9 00 00 00 00 00 7c d9 45 00   ../.........|.E.
078ae0  05 00 23 00 00 01 ff 00 00 00 00 00 88 d9 45 00   ..#...........E.
078af0  0a 00 2d 00 00 01 76 00 00 00 00 00 88 d9 45 00   ..-...v.......E.
078b00  0c 00 2f 00 00 02 0f 86 00 00 00 00 94 d9 45 00   ../...........E.
078b10  0a 00 2d 00 00 01 72 00 00 00 00 00 94 d9 45 00   ..-...r.......E.
078b20  0c 00 2f 00 00 02 0f 82 00 00 00 00 a4 d9 45 00   ../...........E.
078b30  0a 00 2d 00 00 01 73 00 00 00 00 00 a4 d9 45 00   ..-...s.......E.
078b40  0c 00 2f 00 00 02 0f 83 00 00 00 00 b0 d9 45 00   ../...........E.
078b50  0a 00 2d 00 00 01 77 00 00 00 00 00 b0 d9 45 00   ..-...w.......E.
078b60  0c 00 2f 00 00 02 0f 87 00 00 00 00 c0 d9 45 00   ../...........E.
078b70  0a 00 2d 00 00 01 73 00 00 00 00 00 c0 d9 45 00   ..-...s.......E.
078b80  0c 00 2f 00 00 02 0f 83 00 00 00 00 cc d9 45 00   ../...........E.
078b90  0a 00 2d 00 00 01 75 00 00 00 00 00 cc d9 45 00   ..-...u.......E.
078ba0  0c 00 2f 00 00 02 0f 85 00 00 00 00 d8 d9 45 00   ../...........E.
078bb0  0a 00 2d 00 00 01 7e 00 00 00 00 00 d8 d9 45 00   ..-...~.......E.
078bc0  0c 00 2f 00 00 02 0f 8e 00 00 00 00 e4 d9 45 00   ../...........E.
078bd0  0a 00 2d 00 00 01 7c 00 00 00 00 00 e4 d9 45 00   ..-...|.......E.
078be0  0c 00 2f 00 00 02 0f 8c 00 00 00 00 f4 d9 45 00   ../...........E.
078bf0  0a 00 2d 00 00 01 7d 00 00 00 00 00 f4 d9 45 00   ..-...}.......E.
078c00  0c 00 2f 00 00 02 0f 8d 00 00 00 00 00 da 45 00   ../...........E.
078c10  0a 00 2d 00 00 01 7f 00 00 00 00 00 00 da 45 00   ..-...........E.
078c20  0c 00 2f 00 00 02 0f 8f 00 00 00 00 10 da 45 00   ../...........E.
078c30  0a 00 2d 00 00 01 71 00 00 00 00 00 10 da 45 00   ..-...q.......E.
078c40  0c 00 2f 00 00 02 0f 81 00 00 00 00 1c da 45 00   ../...........E.
078c50  0a 00 2d 00 00 01 7b 00 00 00 00 00 1c da 45 00   ..-...{.......E.
078c60  0c 00 2f 00 00 02 0f 8b 00 00 00 00 28 da 45 00   ../.........(.E.
078c70  0a 00 2d 00 00 01 79 00 00 00 00 00 28 da 45 00   ..-...y.....(.E.
078c80  0c 00 2f 00 00 02 0f 89 00 00 00 00 34 da 45 00   ../.........4.E.
078c90  0a 00 2d 00 00 01 75 00 00 00 00 00 34 da 45 00   ..-...u.....4.E.
078ca0  0c 00 2f 00 00 02 0f 85 00 00 00 00 40 da 45 00   ../.........@.E.
078cb0  0a 00 2d 00 00 01 70 00 00 00 00 00 40 da 45 00   ..-...p.....@.E.
078cc0  0c 00 2f 00 00 02 0f 80 00 00 00 00 4c da 45 00   ../.........L.E.
078cd0  0a 00 2d 00 00 01 7a 00 00 00 00 00 4c da 45 00   ..-...z.....L.E.
078ce0  0c 00 2f 00 00 02 0f 8a 00 00 00 00 58 da 45 00   ../.........X.E.
078cf0  0a 00 2d 00 00 01 7a 00 00 00 00 00 58 da 45 00   ..-...z.....X.E.
078d00  0c 00 2f 00 00 02 0f 8a 00 00 00 00 64 da 45 00   ../.........d.E.
078d10  0a 00 2d 00 00 01 7b 00 00 00 00 00 64 da 45 00   ..-...{.....d.E.
078d20  0c 00 2f 00 00 02 0f 8b 00 00 00 00 70 da 45 00   ../.........p.E.
078d30  0a 00 2d 00 00 01 78 00 00 00 00 00 70 da 45 00   ..-...x.....p.E.
078d40  0c 00 2f 00 00 02 0f 88 00 00 00 00 7c da 45 00   ../.........|.E.
078d50  0a 00 2d 00 00 01 74 00 00 00 00 00 7c da 45 00   ..-...t.....|.E.
078d60  0c 00 2f 00 00 02 0f 84 00 00 00 00 88 da 45 00   ../...........E.
078d70  00 00 00 00 00 01 9f 00 00 00 00 00 98 da 45 00   ..............E.
078d80  09 00 0f 22 00 03 66 0f 02 00 00 00 98 da 45 00   ..."..f.......E.
078d90  09 00 10 23 00 02 0f 02 00 00 00 00 a4 da 45 00   ...#..........E.
078da0  03 00 1a 00 00 02 0f ae 00 00 00 00 b4 da 45 00   ..............E.
078db0  09 00 0f 19 00 02 66 c5 00 00 00 00 b4 da 45 00   ......f.......E.
078dc0  09 00 10 1a 00 01 c5 00 00 00 00 00 c0 da 45 00   ..............E.
078dd0  09 00 0f 19 00 02 66 8d 00 00 00 00 c0 da 45 00   ......f.......E.
078de0  09 00 10 1a 00 01 8d 00 00 00 00 00 cc da 45 00   ..............E.
078df0  00 00 00 00 00 01 c9 00 00 00 00 00 dc da 45 00   ..............E.
078e00  09 00 0f 22 00 02 66 c4 00 00 00 00 dc da 45 00   ..."..f.......E.
078e10  09 00 10 23 00 01 c4 00 00 00 00 00 e8 da 45 00   ...#..........E.
078e20  00 00 00 00 00 03 0f ae e8 00 00 00 f8 da 45 00   ..............E.
078e30  09 00 0f 19 00 03 66 0f b4 00 00 00 f8 da 45 00   ......f.......E.
078e40  09 00 10 1a 00 02 0f b4 00 00 00 00 04 db 45 00   ..............E.
078e50  03 00 19 00 00 02 0f 01 00 00 00 00 04 db 45 00   ..............E.
078e60  03 00 1a 00 00 02 0f 01 00 00 00 00 14 db 45 00   ..............E.
078e70  09 00 0f 19 00 03 66 0f b5 00 00 00 14 db 45 00   ......f.......E.
078e80  09 00 10 1a 00 02 0f b5 00 00 00 00 20 db 45 00   ............ .E.
078e90  04 00 19 00 00 02 0f 01 00 00 00 00 20 db 45 00   ............ .E.
078ea0  04 00 1a 00 00 02 0f 01 00 00 00 00 30 db 45 00   ............0.E.
078eb0  03 00 22 00 00 02 0f 00 00 00 00 00 40 db 45 00   ..".........@.E.
078ec0  07 00 22 00 00 02 0f 01 00 00 00 00 50 db 45 00   ..".........P.E.
078ed0  00 00 00 00 00 01 ac 00 00 00 00 00 60 db 45 00   ............`.E.
078ee0  00 00 00 00 00 01 ad 00 00 00 00 00 70 db 45 00   ............p.E.
078ef0  00 00 00 00 00 02 66 ad 00 00 00 00 80 db 45 00   ......f.......E.
078f00  0a 00 2d 00 00 01 e2 00 00 00 00 00 90 db 45 00   ..-...........E.
078f10  0a 00 2d 00 00 02 66 e1 00 00 00 00 a0 db 45 00   ..-...f.......E.
078f20  0a 00 2d 00 00 02 66 e0 00 00 00 00 b0 db 45 00   ..-...f.......E.
078f30  0a 00 2d 00 00 01 e0 00 00 00 00 00 c0 db 45 00   ..-...........E.
078f40  0a 00 2d 00 00 01 e1 00 00 00 00 00 d0 db 45 00   ..-...........E.
078f50  09 00 0f 22 00 03 66 0f 03 00 00 00 d0 db 45 00   ..."..f.......E.
078f60  09 00 10 23 00 02 0f 03 00 00 00 00 dc db 45 00   ...#..........E.
078f70  09 00 0f 19 00 03 66 0f b2 00 00 00 dc db 45 00   ......f.......E.
078f80  09 00 10 1a 00 02 0f b2 00 00 00 00 e8 db 45 00   ..............E.
078f90  04 00 22 00 00 02 0f 00 00 00 00 00 f4 db 45 00   .."...........E.
078fa0  09 00 12 11 00 03 66 0f f7 00 00 00 08 dc 45 00   ......f.......E.
078fb0  09 00 11 11 00 02 0f f7 00 00 00 00 1c dc 45 00   ..............E.
078fc0  09 00 12 29 00 03 66 0f 5f 00 00 00 2c dc 45 00   ...)..f._...,.E.
078fd0  09 00 12 29 00 02 0f 5f 00 00 00 00 3c dc 45 00   ...)..._....<.E.
078fe0  09 00 12 28 00 03 f2 0f 5f 00 00 00 4c dc 45 00   ...(...._...L.E.
078ff0  09 00 12 27 00 03 f3 0f 5f 00 00 00 5c dc 45 00   ...'...._...\.E.
079000  00 00 00 00 00 03 0f ae f0 00 00 00 6c dc 45 00   ............l.E.
079010  09 00 12 29 00 03 66 0f 5d 00 00 00 7c dc 45 00   ...)..f.]...|.E.
079020  09 00 12 29 00 02 0f 5d 00 00 00 00 8c dc 45 00   ...)...]......E.
079030  09 00 12 28 00 03 f2 0f 5d 00 00 00 9c dc 45 00   ...(....].....E.
079040  09 00 12 27 00 03 f3 0f 5d 00 00 00 ac dc 45 00   ...'....].....E.
079050  10 00 03 1e 00 01 a0 00 00 00 00 00 ac dc 45 00   ..............E.
079060  10 00 04 1f 00 02 66 a1 00 00 00 00 ac dc 45 00   ......f.......E.
079070  10 00 05 20 00 01 a1 00 00 00 00 00 ac dc 45 00   ... ..........E.
079080  10 00 1e 03 00 01 a2 00 00 00 00 00 ac dc 45 00   ..............E.
079090  10 00 1f 04 00 02 66 a3 00 00 00 00 ac dc 45 00   ......f.......E.
0790a0  10 00 20 05 00 01 a3 00 00 00 00 00 ac dc 45 00   .. ...........E.
0790b0  09 00 21 0e 00 01 88 00 00 00 00 00 ac dc 45 00   ..!...........E.
0790c0  09 00 22 0f 00 02 66 89 00 00 00 00 ac dc 45 00   .."...f.......E.
0790d0  09 00 10 23 00 01 8b 00 00 00 00 00 ac dc 45 00   ...#..........E.
0790e0  09 00 23 10 00 01 89 00 00 00 00 00 ac dc 45 00   ..#...........E.
0790f0  09 00 0e 21 00 01 8a 00 00 00 00 00 ac dc 45 00   ...!..........E.
079100  09 00 0f 22 00 02 66 8b 00 00 00 00 ac dc 45 00   ..."..f.......E.
079110  09 00 22 15 00 02 66 8c 00 00 00 00 ac dc 45 00   .."...f.......E.
079120  09 00 15 22 00 02 66 8e 00 00 00 00 ac dc 45 00   ..."..f.......E.
079130  11 00 0e 2a 00 01 b0 00 00 00 00 00 ac dc 45 00   ...*..........E.
079140  12 00 0f 2b 00 02 66 b8 00 00 00 00 ac dc 45 00   ...+..f.......E.
079150  13 00 10 2c 00 01 b8 00 00 00 00 00 ac dc 45 00   ...,..........E.
079160  01 00 21 2a 00 01 c6 00 00 00 00 00 ac dc 45 00   ..!*..........E.
079170  01 00 22 2b 00 02 66 c7 00 00 00 00 ac dc 45 00   .."+..f.......E.
079180  01 00 23 2c 00 01 c7 00 00 00 00 00 ac dc 45 00   ..#,..........E.
079190  09 00 16 10 00 02 0f 22 00 00 00 00 ac dc 45 00   ......."......E.
0791a0  09 00 10 16 00 02 0f 20 00 00 00 00 ac dc 45 00   ....... ......E.
0791b0  09 00 10 17 00 02 0f 21 00 00 00 00 ac dc 45 00   .......!......E.
0791c0  09 00 17 10 00 02 0f 23 00 00 00 00 b8 dc 45 00   .......#......E.
0791d0  09 00 12 29 00 03 66 0f 28 00 00 00 c8 dc 45 00   ...)..f.(.....E.
0791e0  09 00 12 29 00 02 0f 28 00 00 00 00 c8 dc 45 00   ...)...(......E.
0791f0  09 00 29 12 00 02 0f 29 00 00 00 00 d8 dc 45 00   ..)....)......E.
079200  09 00 11 23 00 02 0f 6e 00 00 00 00 d8 dc 45 00   ...#...n......E.
079210  09 00 23 11 00 02 0f 7e 00 00 00 00 d8 dc 45 00   ..#....~......E.
079220  09 00 12 23 00 03 66 0f 6e 00 00 00 d8 dc 45 00   ...#..f.n.....E.
079230  09 00 23 12 00 03 66 0f 7e 00 00 00 e8 dc 45 00   ..#...f.~.....E.
079240  09 00 11 12 00 03 f2 0f d6 00 00 00 f8 dc 45 00   ..............E.
079250  09 00 12 29 00 03 66 0f 6f 00 00 00 f8 dc 45 00   ...)..f.o.....E.
079260  09 00 29 12 00 03 66 0f 7f 00 00 00 08 dd 45 00   ..)...f.......E.
079270  09 00 12 29 00 03 f3 0f 6f 00 00 00 08 dd 45 00   ...)....o.....E.
079280  09 00 29 12 00 03 f3 0f 7f 00 00 00 18 dd 45 00   ..)...........E.
079290  09 00 12 12 00 02 0f 12 00 00 00 00 28 dd 45 00   ............(.E.
0792a0  09 00 12 1b 00 03 66 0f 16 00 00 00 28 dd 45 00   ......f.....(.E.
0792b0  09 00 1b 12 00 03 66 0f 17 00 00 00 38 dd 45 00   ......f.....8.E.
0792c0  09 00 12 1b 00 02 0f 16 00 00 00 00 38 dd 45 00   ............8.E.
0792d0  09 00 1b 12 00 02 0f 17 00 00 00 00 48 dd 45 00   ............H.E.
0792e0  09 00 12 12 00 02 0f 00 16 00 00 00 58 dd 45 00   ............X.E.
0792f0  09 00 12 1b 00 03 66 0f 12 00 00 00 58 dd 45 00   ......f.....X.E.
079300  09 00 1b 12 00 03 66 0f 13 00 00 00 68 dd 45 00   ......f.....h.E.
079310  09 00 12 1b 00 02 0f 12 00 00 00 00 68 dd 45 00   ............h.E.
079320  09 00 1b 12 00 02 0f 13 00 00 00 00 78 dd 45 00   ............x.E.
079330  09 00 10 12 00 03 66 0f 50 00 00 00 8c dd 45 00   ......f.P.....E.
079340  09 00 10 12 00 02 0f 50 00 00 00 00 a0 dd 45 00   .......P......E.
079350  09 00 1d 12 00 03 66 0f e7 00 00 00 b0 dd 45 00   ......f.......E.
079360  09 00 1a 10 00 02 0f c3 00 00 00 00 c0 dd 45 00   ..............E.
079370  09 00 1d 12 00 03 66 0f 2b 00 00 00 d0 dd 45 00   ......f.+.....E.
079380  09 00 1d 12 00 02 0f 2b 00 00 00 00 e0 dd 45 00   .......+......E.
079390  09 00 1b 11 00 02 0f e7 00 00 00 00 f0 dd 45 00   ..............E.
0793a0  09 00 11 26 00 02 0f 6f 00 00 00 00 f0 dd 45 00   ...&...o......E.
0793b0  09 00 26 11 00 02 0f 7f 00 00 00 00 f0 dd 45 00   ..&...........E.
0793c0  09 00 12 28 00 03 f3 0f 7e 00 00 00 f0 dd 45 00   ...(....~.....E.
0793d0  09 00 28 12 00 03 66 0f d6 00 00 00 00 de 45 00   ..(...f.......E.
0793e0  09 00 12 11 00 03 66 0f d6 00 00 00 10 de 45 00   ......f.......E.
0793f0  00 00 00 00 00 01 a4 00 00 00 00 00 20 de 45 00   ............ .E.
079400  00 00 00 00 00 01 a5 00 00 00 00 00 20 de 45 00   ............ .E.
079410  09 00 12 28 00 03 f2 0f 10 00 00 00 20 de 45 00   ...(........ .E.
079420  09 00 28 12 00 03 f2 0f 11 00 00 00 30 de 45 00   ..(.........0.E.
079430  09 00 12 27 00 03 f3 0f 10 00 00 00 30 de 45 00   ...'........0.E.
079440  09 00 1a 12 00 03 f3 0f 11 00 00 00 40 de 45 00   ............@.E.
079450  00 00 00 00 00 02 66 a5 00 00 00 00 50 de 45 00   ......f.....P.E.
079460  09 00 0f 21 00 03 66 0f be 00 00 00 50 de 45 00   ...!..f.....P.E.
079470  09 00 10 21 00 02 0f be 00 00 00 00 50 de 45 00   ...!........P.E.
079480  09 00 10 22 00 02 0f bf 00 00 00 00 60 de 45 00   ..."........`.E.
079490  09 00 12 29 00 03 66 0f 10 00 00 00 60 de 45 00   ...)..f.....`.E.
0794a0  09 00 29 12 00 03 66 0f 11 00 00 00 70 de 45 00   ..)...f.....p.E.
0794b0  09 00 12 29 00 02 0f 10 00 00 00 00 70 de 45 00   ...)........p.E.
0794c0  09 00 29 12 00 02 0f 11 00 00 00 00 80 de 45 00   ..)...........E.
0794d0  09 00 0f 21 00 03 66 0f b6 00 00 00 80 de 45 00   ...!..f.......E.
0794e0  09 00 10 21 00 02 0f b6 00 00 00 00 80 de 45 00   ...!..........E.
0794f0  09 00 10 22 00 02 0f b7 00 00 00 00 90 de 45 00   ..."..........E.
079500  05 00 21 00 00 01 f6 00 00 00 00 00 90 de 45 00   ..!...........E.
079510  05 00 22 00 00 02 66 f7 00 00 00 00 90 de 45 00   .."...f.......E.
079520  05 00 23 00 00 01 f7 00 00 00 00 00 9c de 45 00   ..#...........E.
079530  09 00 12 29 00 03 66 0f 59 00 00 00 ac de 45 00   ...)..f.Y.....E.
079540  09 00 12 29 00 02 0f 59 00 00 00 00 bc de 45 00   ...)...Y......E.
079550  09 00 12 28 00 03 f2 0f 59 00 00 00 cc de 45 00   ...(....Y.....E.
079560  09 00 12 27 00 03 f3 0f 59 00 00 00 dc de 45 00   ...'....Y.....E.
079570  04 00 21 00 00 01 f6 00 00 00 00 00 dc de 45 00   ..!...........E.
079580  04 00 22 00 00 02 66 f7 00 00 00 00 dc de 45 00   .."...f.......E.
079590  04 00 23 00 00 01 f7 00 00 00 00 00 e8 de 45 00   ..#...........E.
0795a0  00 00 00 00 00 01 90 00 00 00 00 00 f4 de 45 00   ..............E.
0795b0  03 00 21 00 00 01 f6 00 00 00 00 00 f4 de 45 00   ..!...........E.
0795c0  03 00 22 00 00 02 66 f7 00 00 00 00 f4 de 45 00   .."...f.......E.
0795d0  03 00 23 00 00 01 f7 00 00 00 00 00 00 df 45 00   ..#...........E.
0795e0  0e 00 03 2a 00 01 0c 00 00 00 00 00 00 df 45 00   ...*..........E.
0795f0  0f 00 04 2b 00 02 66 0d 00 00 00 00 00 df 45 00   ...+..f.......E.
079600  10 00 05 2c 00 01 0d 00 00 00 00 00 00 df 45 00   ...,..........E.
079610  02 0e 21 2a 00 01 80 00 00 00 00 00 00 df 45 00   ..!*..........E.
079620  02 0f 22 2b 00 02 66 80 00 00 00 00 00 df 45 00   .."+..f.......E.
079630  02 10 23 2c 00 01 81 00 00 00 00 00 00 df 45 00   ..#,..........E.
079640  02 0e 22 2a 00 02 66 83 00 00 00 00 00 df 45 00   .."*..f.......E.
079650  02 0e 23 2a 00 01 83 00 00 00 00 00 00 df 45 00   ..#*..........E.
079660  09 00 21 0e 00 01 08 00 00 00 00 00 00 df 45 00   ..!...........E.
079670  09 00 22 0f 00 02 66 09 00 00 00 00 00 df 45 00   .."...f.......E.
079680  09 00 23 10 00 01 09 00 00 00 00 00 00 df 45 00   ..#...........E.
079690  09 00 0e 21 00 01 0a 00 00 00 00 00 00 df 45 00   ...!..........E.
0796a0  09 00 0f 22 00 02 66 0b 00 00 00 00 00 df 45 00   ..."..f.......E.
0796b0  09 00 10 23 00 01 0b 00 00 00 00 00 0c df 45 00   ...#..........E.
0796c0  09 00 12 29 00 03 66 0f 56 00 00 00 1c df 45 00   ...)..f.V.....E.
0796d0  09 00 12 29 00 02 0f 56 00 00 00 00 2c df 45 00   ...)...V....,.E.
0796e0  0e 00 2a 03 00 01 e6 00 00 00 00 00 2c df 45 00   ..*.........,.E.
0796f0  0e 00 2a 04 00 02 66 e7 00 00 00 00 2c df 45 00   ..*...f.....,.E.
079700  0e 00 2a 05 00 01 e7 00 00 00 00 00 2c df 45 00   ..*.........,.E.
079710  00 00 07 03 00 01 ee 00 00 00 00 00 2c df 45 00   ............,.E.
079720  00 00 07 04 00 02 66 ef 00 00 00 00 2c df 45 00   ......f.....,.E.
079730  00 00 07 05 00 01 ef 00 00 00 00 00 38 df 45 00   ............8.E.
079740  00 00 00 00 00 01 6e 00 00 00 00 00 48 df 45 00   ......n.....H.E.
079750  00 00 00 00 00 01 6f 00 00 00 00 00 58 df 45 00   ......o.....X.E.
079760  00 00 00 00 00 02 66 6f 00 00 00 00 68 df 45 00   ......fo....h.E.
079770  09 00 11 26 00 02 0f 6b 00 00 00 00 68 df 45 00   ...&...k....h.E.
079780  09 00 12 29 00 03 66 0f 6b 00 00 00 7c df 45 00   ...)..f.k...|.E.
079790  09 00 11 26 00 02 0f 63 00 00 00 00 7c df 45 00   ...&...c....|.E.
0797a0  09 00 12 29 00 03 66 0f 63 00 00 00 90 df 45 00   ...)..f.c.....E.
0797b0  09 00 11 26 00 02 0f 67 00 00 00 00 90 df 45 00   ...&...g......E.
0797c0  09 00 12 29 00 03 66 0f 67 00 00 00 a4 df 45 00   ...)..f.g.....E.
0797d0  09 00 11 26 00 02 0f fc 00 00 00 00 a4 df 45 00   ...&..........E.
0797e0  09 00 12 29 00 03 66 0f fc 00 00 00 b4 df 45 00   ...)..f.......E.
0797f0  09 00 11 26 00 02 0f fe 00 00 00 00 b4 df 45 00   ...&..........E.
079800  09 00 12 29 00 03 66 0f fe 00 00 00 c4 df 45 00   ...)..f.......E.
079810  09 00 11 26 00 02 0f d4 00 00 00 00 c4 df 45 00   ...&..........E.
079820  09 00 12 29 00 03 66 0f d4 00 00 00 d4 df 45 00   ...)..f.......E.
079830  09 00 11 26 00 02 0f ec 00 00 00 00 d4 df 45 00   ...&..........E.
079840  09 00 12 29 00 03 66 0f ec 00 00 00 e4 df 45 00   ...)..f.......E.
079850  09 00 11 26 00 02 0f ed 00 00 00 00 e4 df 45 00   ...&..........E.
079860  09 00 12 29 00 03 66 0f ed 00 00 00 f4 df 45 00   ...)..f.......E.
079870  09 00 11 26 00 02 0f dc 00 00 00 00 f4 df 45 00   ...&..........E.
079880  09 00 12 29 00 03 66 0f dc 00 00 00 04 e0 45 00   ...)..f.......E.
079890  09 00 11 26 00 02 0f dd 00 00 00 00 04 e0 45 00   ...&..........E.
0798a0  09 00 12 29 00 03 66 0f dd 00 00 00 14 e0 45 00   ...)..f.......E.
0798b0  09 00 11 26 00 02 0f fd 00 00 00 00 14 e0 45 00   ...&..........E.
0798c0  09 00 12 29 00 03 66 0f fd 00 00 00 24 e0 45 00   ...)..f.....$.E.
0798d0  09 00 11 26 00 02 0f db 00 00 00 00 24 e0 45 00   ...&........$.E.
0798e0  09 00 12 29 00 03 66 0f db 00 00 00 34 e0 45 00   ...)..f.....4.E.
0798f0  09 00 11 26 00 02 0f df 00 00 00 00 34 e0 45 00   ...&........4.E.
079900  09 00 12 29 00 03 66 0f df 00 00 00 44 e0 45 00   ...)..f.....D.E.
079910  00 00 00 00 00 02 f3 90 00 00 00 00 54 e0 45 00   ............T.E.
079920  09 00 11 26 00 02 0f e0 00 00 00 00 54 e0 45 00   ...&........T.E.
079930  09 00 12 29 00 03 66 0f e0 00 00 00 64 e0 45 00   ...)..f.....d.E.
079940  09 00 11 26 00 02 0f e3 00 00 00 00 64 e0 45 00   ...&........d.E.
079950  09 00 12 29 00 03 66 0f e3 00 00 00 74 e0 45 00   ...)..f.....t.E.
079960  09 00 11 26 00 02 0f 74 00 00 00 00 74 e0 45 00   ...&...t....t.E.
079970  09 00 12 29 00 03 66 0f 74 00 00 00 84 e0 45 00   ...)..f.t.....E.
079980  09 00 11 26 00 02 0f 76 00 00 00 00 84 e0 45 00   ...&...v......E.
079990  09 00 12 29 00 03 66 0f 76 00 00 00 94 e0 45 00   ...)..f.v.....E.
0799a0  09 00 11 26 00 02 0f 75 00 00 00 00 94 e0 45 00   ...&...u......E.
0799b0  09 00 12 29 00 03 66 0f 75 00 00 00 a4 e0 45 00   ...)..f.u.....E.
0799c0  09 00 11 26 00 02 0f 64 00 00 00 00 a4 e0 45 00   ...&...d......E.
0799d0  09 00 12 29 00 03 66 0f 64 00 00 00 b4 e0 45 00   ...)..f.d.....E.
0799e0  09 00 11 26 00 02 0f 66 00 00 00 00 b4 e0 45 00   ...&...f......E.
0799f0  09 00 12 29 00 03 66 0f 66 00 00 00 c4 e0 45 00   ...)..f.f.....E.
079a00  09 00 11 26 00 02 0f 65 00 00 00 00 c4 e0 45 00   ...&...e......E.
079a10  09 00 12 29 00 03 66 0f 65 00 00 00 d4 e0 45 00   ...)..f.e.....E.
079a20  09 00 12 29 00 02 0f 53 00 00 00 00 e4 e0 45 00   ...)...S......E.
079a30  09 00 12 29 00 03 f3 0f 53 00 00 00 f4 e0 45 00   ...)....S.....E.
079a40  09 0e 10 11 2a 02 0f c5 00 00 00 00 f4 e0 45 00   ....*.........E.
079a50  09 0e 10 12 2a 03 66 0f c5 00 00 00 04 e1 45 00   ....*.f.......E.
079a60  09 0e 11 24 2a 02 0f c4 00 00 00 00 04 e1 45 00   ...$*.........E.
079a70  09 0e 12 24 2a 03 66 0f c4 00 00 00 14 e1 45 00   ...$*.f.......E.
079a80  09 00 11 26 00 02 0f f5 00 00 00 00 14 e1 45 00   ...&..........E.
079a90  09 00 12 29 00 03 66 0f f5 00 00 00 24 e1 45 00   ...)..f.....$.E.
079aa0  09 00 11 26 00 02 0f ee 00 00 00 00 24 e1 45 00   ...&........$.E.
079ab0  09 00 12 29 00 03 66 0f ee 00 00 00 34 e1 45 00   ...)..f.....4.E.
079ac0  09 00 11 26 00 02 0f de 00 00 00 00 34 e1 45 00   ...&........4.E.
079ad0  09 00 12 29 00 03 66 0f de 00 00 00 44 e1 45 00   ...)..f.....D.E.
079ae0  09 00 11 26 00 02 0f ea 00 00 00 00 44 e1 45 00   ...&........D.E.
079af0  09 00 12 29 00 03 66 0f ea 00 00 00 54 e1 45 00   ...)..f.....T.E.
079b00  09 00 11 26 00 02 0f da 00 00 00 00 54 e1 45 00   ...&........T.E.
079b10  09 00 12 29 00 03 66 0f da 00 00 00 64 e1 45 00   ...)..f.....d.E.
079b20  09 0e 10 11 2a 02 0f d7 00 00 00 00 64 e1 45 00   ....*.......d.E.
079b30  09 0e 10 12 2a 03 66 0f d7 00 00 00 78 e1 45 00   ....*.f.....x.E.
079b40  09 00 11 26 00 02 0f e4 00 00 00 00 78 e1 45 00   ...&........x.E.
079b50  09 00 12 29 00 03 66 0f e4 00 00 00 88 e1 45 00   ...)..f.......E.
079b60  09 00 11 26 00 02 0f e5 00 00 00 00 88 e1 45 00   ...&..........E.
079b70  09 00 12 29 00 03 66 0f e5 00 00 00 98 e1 45 00   ...)..f.......E.
079b80  09 00 11 26 00 02 0f d5 00 00 00 00 98 e1 45 00   ...&..........E.
079b90  09 00 12 29 00 03 66 0f d5 00 00 00 a8 e1 45 00   ...)..f.......E.
079ba0  09 00 11 26 00 02 0f f4 00 00 00 00 a8 e1 45 00   ...&..........E.
079bb0  09 00 12 29 00 03 66 0f f4 00 00 00 b8 e1 45 00   ...)..f.......E.
079bc0  13 00 10 00 00 01 58 00 00 00 00 00 b8 e1 45 00   ......X.......E.
079bd0  12 00 0f 00 00 02 66 58 00 00 00 00 b8 e1 45 00   ......fX......E.
079be0  01 00 23 00 00 01 8f 00 00 00 00 00 b8 e1 45 00   ..#...........E.
079bf0  01 00 22 00 00 02 66 8f 00 00 00 00 b8 e1 45 00   .."...f.......E.
079c00  00 00 09 00 00 01 1f 00 00 00 00 00 b8 e1 45 00   ..............E.
079c10  00 00 0a 00 00 01 07 00 00 00 00 00 b8 e1 45 00   ..............E.
079c20  00 00 0b 00 00 01 17 00 00 00 00 00 b8 e1 45 00   ..............E.
079c30  00 00 0c 00 00 02 0f a1 00 00 00 00 b8 e1 45 00   ..............E.
079c40  00 00 0d 00 00 02 0f a9 00 00 00 00 c4 e1 45 00   ..............E.
079c50  00 00 00 00 00 02 66 61 00 00 00 00 d4 e1 45 00   ......fa......E.
079c60  00 00 00 00 00 01 61 00 00 00 00 00 e4 e1 45 00   ......a.......E.
079c70  00 00 00 00 00 01 61 00 00 00 00 00 f4 e1 45 00   ......a.......E.
079c80  00 00 00 00 00 02 66 9d 00 00 00 00 04 e2 45 00   ......f.......E.
079c90  00 00 00 00 00 01 9d 00 00 00 00 00 14 e2 45 00   ..............E.
079ca0  09 00 11 26 00 02 0f eb 00 00 00 00 14 e2 45 00   ...&..........E.
079cb0  09 00 12 29 00 03 66 0f eb 00 00 00 20 e2 45 00   ...)..f..... .E.
079cc0  02 00 18 00 00 02 0f 18 00 00 00 00 34 e2 45 00   ............4.E.
079cd0  03 00 18 00 00 02 0f 18 00 00 00 00 48 e2 45 00   ............H.E.
079ce0  04 00 18 00 00 02 0f 18 00 00 00 00 5c e2 45 00   ............\.E.
079cf0  01 00 18 00 00 02 0f 18 00 00 00 00 70 e2 45 00   ............p.E.
079d00  09 00 11 26 00 02 0f f6 00 00 00 00 70 e2 45 00   ...&........p.E.
079d10  09 00 12 29 00 03 66 0f f6 00 00 00 80 e2 45 00   ...)..f.......E.
079d20  09 0e 12 29 2a 03 66 0f 70 00 00 00 90 e2 45 00   ...)*.f.p.....E.
079d30  09 0e 12 29 2a 03 f3 0f 70 00 00 00 a0 e2 45 00   ...)*...p.....E.
079d40  09 0e 12 29 2a 03 f2 0f 70 00 00 00 b0 e2 45 00   ...)*...p.....E.
079d50  09 0e 11 26 2a 02 0f 70 00 00 00 00 c0 e2 45 00   ...&*..p......E.
079d60  09 00 11 26 00 02 0f f2 00 00 00 00 c0 e2 45 00   ...&..........E.
079d70  09 00 12 29 00 03 66 0f f2 00 00 00 c0 e2 45 00   ...)..f.......E.
079d80  07 0e 11 2a 00 02 0f 72 00 00 00 00 c0 e2 45 00   ...*...r......E.
079d90  07 0e 12 2a 00 03 66 0f 72 00 00 00 d0 e2 45 00   ...*..f.r.....E.
079da0  08 0e 12 2a 00 03 66 0f 73 00 00 00 e0 e2 45 00   ...*..f.s.....E.
079db0  09 00 11 26 00 02 0f f3 00 00 00 00 e0 e2 45 00   ...&..........E.
079dc0  09 00 12 29 00 03 66 0f f3 00 00 00 e0 e2 45 00   ...)..f.......E.
079dd0  07 0e 11 2a 00 02 0f 73 00 00 00 00 e0 e2 45 00   ...*...s......E.
079de0  07 0e 12 2a 00 03 66 0f 73 00 00 00 f0 e2 45 00   ...*..f.s.....E.
079df0  09 00 11 26 00 02 0f f1 00 00 00 00 f0 e2 45 00   ...&..........E.
079e00  09 00 12 29 00 03 66 0f f1 00 00 00 f0 e2 45 00   ...)..f.......E.
079e10  07 0e 11 2a 00 02 0f 71 00 00 00 00 f0 e2 45 00   ...*...q......E.
079e20  07 0e 12 2a 00 03 66 0f 71 00 00 00 00 e3 45 00   ...*..f.q.....E.
079e30  09 00 12 29 00 02 0f 52 00 00 00 00 10 e3 45 00   ...)...R......E.
079e40  09 00 12 27 00 03 f3 0f 52 00 00 00 20 e3 45 00   ...'....R... .E.
079e50  09 00 11 26 00 02 0f e2 00 00 00 00 20 e3 45 00   ...&........ .E.
079e60  09 00 12 29 00 03 66 0f e2 00 00 00 20 e3 45 00   ...)..f..... .E.
079e70  05 0e 11 2a 00 02 0f 72 00 00 00 00 20 e3 45 00   ...*...r.... .E.
079e80  05 0e 12 2a 00 03 66 0f 72 00 00 00 30 e3 45 00   ...*..f.r...0.E.
079e90  09 00 11 26 00 02 0f e1 00 00 00 00 30 e3 45 00   ...&........0.E.
079ea0  09 00 12 29 00 03 66 0f e1 00 00 00 30 e3 45 00   ...)..f.....0.E.
079eb0  05 0e 11 2a 00 02 0f 71 00 00 00 00 30 e3 45 00   ...*...q....0.E.
079ec0  05 0e 12 2a 00 03 66 0f 71 00 00 00 40 e3 45 00   ...*..f.q...@.E.
079ed0  09 00 11 26 00 02 0f d2 00 00 00 00 40 e3 45 00   ...&........@.E.
079ee0  09 00 12 29 00 03 66 0f d2 00 00 00 40 e3 45 00   ...)..f.....@.E.
079ef0  03 0e 11 2a 00 02 0f 72 00 00 00 00 40 e3 45 00   ...*...r....@.E.
079f00  03 0e 12 2a 00 03 66 0f 72 00 00 00 50 e3 45 00   ...*..f.r...P.E.
079f10  04 0e 12 2a 00 03 66 0f 73 00 00 00 60 e3 45 00   ...*..f.s...`.E.
079f20  09 00 11 26 00 02 0f d3 00 00 00 00 60 e3 45 00   ...&........`.E.
079f30  09 00 12 29 00 03 66 0f d3 00 00 00 60 e3 45 00   ...)..f.....`.E.
079f40  03 0e 11 2a 00 02 0f 73 00 00 00 00 60 e3 45 00   ...*...s....`.E.
079f50  03 0e 12 2a 00 03 66 0f 73 00 00 00 70 e3 45 00   ...*..f.s...p.E.
079f60  09 00 11 26 00 02 0f d1 00 00 00 00 70 e3 45 00   ...&........p.E.
079f70  09 00 12 29 00 03 66 0f d1 00 00 00 70 e3 45 00   ...)..f.....p.E.
079f80  03 0e 11 2a 00 02 0f 71 00 00 00 00 70 e3 45 00   ...*...q....p.E.
079f90  03 0e 12 2a 00 03 66 0f 71 00 00 00 80 e3 45 00   ...*..f.q.....E.
079fa0  09 00 11 26 00 02 0f f8 00 00 00 00 80 e3 45 00   ...&..........E.
079fb0  09 00 12 29 00 03 66 0f f8 00 00 00 90 e3 45 00   ...)..f.......E.
079fc0  09 00 11 26 00 02 0f fa 00 00 00 00 90 e3 45 00   ...&..........E.
079fd0  09 00 12 29 00 03 66 0f fa 00 00 00 a0 e3 45 00   ...)..f.......E.
079fe0  09 00 11 26 00 02 0f fb 00 00 00 00 a0 e3 45 00   ...&..........E.
079ff0  09 00 12 29 00 03 66 0f fb 00 00 00 b0 e3 45 00   ...)..f.......E.
07a000  09 00 11 26 00 02 0f d8 00 00 00 00 b0 e3 45 00   ...&..........E.
07a010  09 00 12 29 00 03 66 0f d8 00 00 00 c0 e3 45 00   ...)..f.......E.
07a020  09 00 11 26 00 02 0f d9 00 00 00 00 c0 e3 45 00   ...&..........E.
07a030  09 00 12 29 00 03 66 0f d9 00 00 00 d0 e3 45 00   ...)..f.......E.
07a040  09 00 11 26 00 02 0f f9 00 00 00 00 d0 e3 45 00   ...&..........E.
07a050  09 00 12 29 00 03 66 0f f9 00 00 00 e0 e3 45 00   ...)..f.......E.
07a060  09 00 11 26 00 02 0f e8 00 00 00 00 e0 e3 45 00   ...&..........E.
07a070  09 00 12 29 00 03 66 0f e8 00 00 00 f0 e3 45 00   ...)..f.......E.
07a080  09 00 11 26 00 02 0f e9 00 00 00 00 f0 e3 45 00   ...&..........E.
07a090  09 00 12 29 00 03 66 0f e9 00 00 00 00 e4 45 00   ...)..f.......E.
07a0a0  09 00 11 26 00 02 0f 68 00 00 00 00 00 e4 45 00   ...&...h......E.
07a0b0  09 00 12 29 00 03 66 0f 68 00 00 00 14 e4 45 00   ...)..f.h.....E.
07a0c0  09 00 11 26 00 02 0f 6a 00 00 00 00 14 e4 45 00   ...&...j......E.
07a0d0  09 00 12 29 00 03 66 0f 6a 00 00 00 28 e4 45 00   ...)..f.j...(.E.
07a0e0  09 00 12 29 00 03 66 0f 6d 00 00 00 3c e4 45 00   ...)..f.m...<.E.
07a0f0  09 00 11 26 00 02 0f 69 00 00 00 00 3c e4 45 00   ...&...i....<.E.
07a100  09 00 12 29 00 03 66 0f 69 00 00 00 50 e4 45 00   ...)..f.i...P.E.
07a110  09 00 11 26 00 02 0f 60 00 00 00 00 50 e4 45 00   ...&...`....P.E.
07a120  09 00 12 29 00 03 66 0f 60 00 00 00 64 e4 45 00   ...)..f.`...d.E.
07a130  09 00 11 26 00 02 0f 62 00 00 00 00 64 e4 45 00   ...&...b....d.E.
07a140  09 00 12 29 00 03 66 0f 62 00 00 00 78 e4 45 00   ...)..f.b...x.E.
07a150  09 00 12 29 00 03 66 0f 6c 00 00 00 8c e4 45 00   ...)..f.l.....E.
07a160  09 00 11 26 00 02 0f 61 00 00 00 00 8c e4 45 00   ...&...a......E.
07a170  09 00 12 29 00 03 66 0f 61 00 00 00 a0 e4 45 00   ...)..f.a.....E.
07a180  0e 00 2a 00 00 01 6a 00 00 00 00 00 a0 e4 45 00   ..*...j.......E.
07a190  10 00 2c 00 00 01 68 00 00 00 00 00 a0 e4 45 00   ..,...h.......E.
07a1a0  0f 00 2b 00 00 02 66 68 00 00 00 00 a0 e4 45 00   ..+...fh......E.
07a1b0  13 00 10 00 00 01 50 00 00 00 00 00 a0 e4 45 00   ......P.......E.
07a1c0  12 00 0f 00 00 02 66 50 00 00 00 00 a0 e4 45 00   ......fP......E.
07a1d0  07 00 23 00 00 01 ff 00 00 00 00 00 a0 e4 45 00   ..#...........E.
07a1e0  07 00 22 00 00 02 66 ff 00 00 00 00 a0 e4 45 00   .."...f.......E.
07a1f0  00 00 08 00 00 01 0e 00 00 00 00 00 a0 e4 45 00   ..............E.
07a200  00 00 0b 00 00 01 16 00 00 00 00 00 a0 e4 45 00   ..............E.
07a210  00 00 09 00 00 01 1e 00 00 00 00 00 a0 e4 45 00   ..............E.
07a220  00 00 0a 00 00 01 06 00 00 00 00 00 a0 e4 45 00   ..............E.
07a230  00 00 0c 00 00 02 0f a0 00 00 00 00 a0 e4 45 00   ..............E.
07a240  00 00 0d 00 00 02 0f a8 00 00 00 00 b0 e4 45 00   ..............E.
07a250  00 00 00 00 00 02 66 60 00 00 00 00 c0 e4 45 00   ......f`......E.
07a260  00 00 00 00 00 01 60 00 00 00 00 00 d0 e4 45 00   ......`.......E.
07a270  00 00 00 00 00 01 60 00 00 00 00 00 e0 e4 45 00   ......`.......E.
07a280  00 00 00 00 00 02 66 9c 00 00 00 00 f0 e4 45 00   ......f.......E.
07a290  00 00 00 00 00 01 9c 00 00 00 00 00 00 e5 45 00   ..............E.
07a2a0  09 00 11 26 00 02 0f ef 00 00 00 00 00 e5 45 00   ...&..........E.
07a2b0  09 00 12 29 00 03 66 0f ef 00 00 00 10 e5 45 00   ...)..f.......E.
07a2c0  03 00 21 01 00 01 d0 00 00 00 00 00 10 e5 45 00   ..!...........E.
07a2d0  03 00 21 06 00 01 d2 00 00 00 00 00 10 e5 45 00   ..!...........E.
07a2e0  03 0e 21 2a 00 01 c0 00 00 00 00 00 10 e5 45 00   ..!*..........E.
07a2f0  03 00 22 01 00 02 66 d1 00 00 00 00 10 e5 45 00   .."...f.......E.
07a300  03 00 22 06 00 02 66 d3 00 00 00 00 10 e5 45 00   .."...f.......E.
07a310  03 0e 22 2a 00 02 66 c1 00 00 00 00 10 e5 45 00   .."*..f.......E.
07a320  03 00 23 01 00 01 d1 00 00 00 00 00 10 e5 45 00   ..#...........E.
07a330  03 00 23 06 00 01 d3 00 00 00 00 00 10 e5 45 00   ..#...........E.
07a340  03 0e 23 2a 00 01 c1 00 00 00 00 00 1c e5 45 00   ..#*..........E.
07a350  04 00 23 01 00 01 d1 00 00 00 00 00 1c e5 45 00   ..#...........E.
07a360  04 00 23 06 00 01 d3 00 00 00 00 00 1c e5 45 00   ..#...........E.
07a370  04 0e 23 2a 00 01 c1 00 00 00 00 00 1c e5 45 00   ..#*..........E.
07a380  04 00 22 01 00 02 66 d1 00 00 00 00 1c e5 45 00   .."...f.......E.
07a390  04 00 22 06 00 02 66 d3 00 00 00 00 1c e5 45 00   .."...f.......E.
07a3a0  04 0e 22 2a 00 02 66 c1 00 00 00 00 1c e5 45 00   .."*..f.......E.
07a3b0  04 00 21 01 00 01 d0 00 00 00 00 00 1c e5 45 00   ..!...........E.
07a3c0  04 00 21 06 00 01 d2 00 00 00 00 00 1c e5 45 00   ..!...........E.
07a3d0  04 0e 21 2a 00 01 c0 00 00 00 00 00 28 e5 45 00   ..!*........(.E.
07a3e0  00 00 00 00 00 02 0f 32 00 00 00 00 38 e5 45 00   .......2....8.E.
07a3f0  00 00 00 00 00 02 0f 33 00 00 00 00 48 e5 45 00   .......3....H.E.
07a400  00 00 00 00 00 02 0f 31 00 00 00 00 58 e5 45 00   .......1....X.E.
07a410  00 00 00 00 00 01 c3 00 00 00 00 00 58 e5 45 00   ............X.E.
07a420  00 00 00 00 00 01 cb 00 00 00 00 00 58 e5 45 00   ............X.E.
07a430  0f 00 2b 00 00 01 c2 00 00 00 00 00 64 e5 45 00   ..+.........d.E.
07a440  00 00 00 00 00 01 c3 00 00 00 00 00 64 e5 45 00   ............d.E.
07a450  0f 00 2b 00 00 01 c2 00 00 00 00 00 74 e5 45 00   ..+.........t.E.
07a460  01 00 23 01 00 01 d1 00 00 00 00 00 74 e5 45 00   ..#.........t.E.
07a470  01 00 23 06 00 01 d3 00 00 00 00 00 74 e5 45 00   ..#.........t.E.
07a480  01 0e 23 2a 00 01 c1 00 00 00 00 00 74 e5 45 00   ..#*........t.E.
07a490  01 00 22 01 00 02 66 d1 00 00 00 00 74 e5 45 00   .."...f.....t.E.
07a4a0  01 00 22 06 00 02 66 d3 00 00 00 00 74 e5 45 00   .."...f.....t.E.
07a4b0  01 0e 22 2a 00 02 66 c1 00 00 00 00 74 e5 45 00   .."*..f.....t.E.
07a4c0  01 00 21 01 00 01 d0 00 00 00 00 00 74 e5 45 00   ..!.........t.E.
07a4d0  01 00 21 06 00 01 d2 00 00 00 00 00 74 e5 45 00   ..!.........t.E.
07a4e0  01 0e 21 2a 00 01 c0 00 00 00 00 00 80 e5 45 00   ..!*..........E.
07a4f0  02 00 23 01 00 01 d1 00 00 00 00 00 80 e5 45 00   ..#...........E.
07a500  02 00 23 06 00 01 d3 00 00 00 00 00 80 e5 45 00   ..#...........E.
07a510  02 0e 23 2a 00 01 c1 00 00 00 00 00 80 e5 45 00   ..#*..........E.
07a520  02 00 22 01 00 02 66 d1 00 00 00 00 80 e5 45 00   .."...f.......E.
07a530  02 00 22 06 00 02 66 d3 00 00 00 00 80 e5 45 00   .."...f.......E.
07a540  02 0e 22 2a 00 02 66 c1 00 00 00 00 80 e5 45 00   .."*..f.......E.
07a550  02 00 21 01 00 01 d0 00 00 00 00 00 80 e5 45 00   ..!...........E.
07a560  02 00 21 06 00 01 d2 00 00 00 00 00 80 e5 45 00   ..!...........E.
07a570  02 0e 21 2a 00 01 c0 00 00 00 00 00 8c e5 45 00   ..!*..........E.
07a580  00 00 00 00 00 02 0f aa 00 00 00 00 98 e5 45 00   ..............E.
07a590  00 00 00 00 00 01 9e 00 00 00 00 00 a8 e5 45 00   ..............E.
07a5a0  05 00 23 01 00 01 d1 00 00 00 00 00 a8 e5 45 00   ..#...........E.
07a5b0  05 00 23 06 00 01 d3 00 00 00 00 00 a8 e5 45 00   ..#...........E.
07a5c0  05 0e 23 2a 00 01 c1 00 00 00 00 00 a8 e5 45 00   ..#*..........E.
07a5d0  05 00 22 01 00 02 66 d1 00 00 00 00 a8 e5 45 00   .."...f.......E.
07a5e0  05 00 22 06 00 02 66 d3 00 00 00 00 a8 e5 45 00   .."...f.......E.
07a5f0  05 0e 22 2a 00 02 66 c1 00 00 00 00 a8 e5 45 00   .."*..f.......E.
07a600  05 00 21 01 00 01 d0 00 00 00 00 00 a8 e5 45 00   ..!...........E.
07a610  05 00 21 06 00 01 d2 00 00 00 00 00 a8 e5 45 00   ..!...........E.
07a620  05 0e 21 2a 00 01 c0 00 00 00 00 00 b4 e5 45 00   ..!*..........E.
07a630  08 00 23 01 00 01 d1 00 00 00 00 00 b4 e5 45 00   ..#...........E.
07a640  08 00 23 06 00 01 d3 00 00 00 00 00 b4 e5 45 00   ..#...........E.
07a650  08 0e 23 2a 00 01 c1 00 00 00 00 00 b4 e5 45 00   ..#*..........E.
07a660  08 00 22 01 00 02 66 d1 00 00 00 00 b4 e5 45 00   .."...f.......E.
07a670  08 00 22 06 00 02 66 d3 00 00 00 00 b4 e5 45 00   .."...f.......E.
07a680  08 0e 22 2a 00 02 66 c1 00 00 00 00 b4 e5 45 00   .."*..f.......E.
07a690  08 00 21 01 00 01 d0 00 00 00 00 00 b4 e5 45 00   ..!...........E.
07a6a0  08 00 21 06 00 01 d2 00 00 00 00 00 b4 e5 45 00   ..!...........E.
07a6b0  08 0e 21 2a 00 01 c0 00 00 00 00 00 c0 e5 45 00   ..!*..........E.
07a6c0  0e 00 03 2a 00 01 1c 00 00 00 00 00 c0 e5 45 00   ...*..........E.
07a6d0  0f 00 04 2b 00 02 66 1d 00 00 00 00 c0 e5 45 00   ...+..f.......E.
07a6e0  10 00 05 2c 00 01 1d 00 00 00 00 00 c0 e5 45 00   ...,..........E.
07a6f0  04 0e 21 2a 00 01 80 00 00 00 00 00 c0 e5 45 00   ..!*..........E.
07a700  04 0f 22 2b 00 02 66 80 00 00 00 00 c0 e5 45 00   .."+..f.......E.
07a710  04 10 23 2c 00 01 81 00 00 00 00 00 c0 e5 45 00   ..#,..........E.
07a720  04 0e 22 2a 00 02 66 83 00 00 00 00 c0 e5 45 00   .."*..f.......E.
07a730  04 0e 23 2a 00 01 83 00 00 00 00 00 c0 e5 45 00   ..#*..........E.
07a740  09 00 21 0e 00 01 18 00 00 00 00 00 c0 e5 45 00   ..!...........E.
07a750  09 00 22 0f 00 02 66 19 00 00 00 00 c0 e5 45 00   .."...f.......E.
07a760  09 00 23 10 00 01 19 00 00 00 00 00 c0 e5 45 00   ..#...........E.
07a770  09 00 0e 21 00 01 1a 00 00 00 00 00 c0 e5 45 00   ...!..........E.
07a780  09 00 0f 22 00 02 66 1b 00 00 00 00 c0 e5 45 00   ..."..f.......E.
07a790  09 00 10 23 00 01 1b 00 00 00 00 00 cc e5 45 00   ...#..........E.
07a7a0  00 00 00 00 00 01 ae 00 00 00 00 00 dc e5 45 00   ..............E.
07a7b0  00 00 00 00 00 01 af 00 00 00 00 00 ec e5 45 00   ..............E.
07a7c0  00 00 00 00 00 02 66 af 00 00 00 00 fc e5 45 00   ......f.......E.
07a7d0  09 00 21 00 00 02 0f 97 00 00 00 00 0c e6 45 00   ..!...........E.
07a7e0  09 00 21 00 00 02 0f 93 00 00 00 00 1c e6 45 00   ..!...........E.
07a7f0  09 00 21 00 00 02 0f 92 00 00 00 00 2c e6 45 00   ..!.........,.E.
07a800  09 00 21 00 00 02 0f 96 00 00 00 00 3c e6 45 00   ..!.........<.E.
07a810  09 00 21 00 00 02 0f 92 00 00 00 00 4c e6 45 00   ..!.........L.E.
07a820  09 00 21 00 00 02 0f 94 00 00 00 00 5c e6 45 00   ..!.........\.E.
07a830  09 00 21 00 00 02 0f 9f 00 00 00 00 6c e6 45 00   ..!.........l.E.
07a840  09 00 21 00 00 02 0f 9d 00 00 00 00 7c e6 45 00   ..!.........|.E.
07a850  09 00 21 00 00 02 0f 9c 00 00 00 00 8c e6 45 00   ..!...........E.
07a860  09 00 21 00 00 02 0f 9e 00 00 00 00 9c e6 45 00   ..!...........E.
07a870  09 00 21 00 00 02 0f 96 00 00 00 00 ac e6 45 00   ..!...........E.
07a880  09 00 21 00 00 02 0f 92 00 00 00 00 bc e6 45 00   ..!...........E.
07a890  09 00 21 00 00 02 0f 93 00 00 00 00 cc e6 45 00   ..!...........E.
07a8a0  09 00 21 00 00 02 0f 97 00 00 00 00 dc e6 45 00   ..!...........E.
07a8b0  09 00 21 00 00 02 0f 93 00 00 00 00 ec e6 45 00   ..!...........E.
07a8c0  09 00 21 00 00 02 0f 95 00 00 00 00 fc e6 45 00   ..!...........E.
07a8d0  09 00 21 00 00 02 0f 9e 00 00 00 00 0c e7 45 00   ..!...........E.
07a8e0  09 00 21 00 00 02 0f 9c 00 00 00 00 1c e7 45 00   ..!...........E.
07a8f0  09 00 21 00 00 02 0f 9d 00 00 00 00 2c e7 45 00   ..!.........,.E.
07a900  09 00 21 00 00 02 0f 9f 00 00 00 00 3c e7 45 00   ..!.........<.E.
07a910  09 00 21 00 00 02 0f 91 00 00 00 00 4c e7 45 00   ..!.........L.E.
07a920  09 00 21 00 00 02 0f 9b 00 00 00 00 5c e7 45 00   ..!.........\.E.
07a930  09 00 21 00 00 02 0f 99 00 00 00 00 6c e7 45 00   ..!.........l.E.
07a940  09 00 21 00 00 02 0f 95 00 00 00 00 7c e7 45 00   ..!.........|.E.
07a950  09 00 21 00 00 02 0f 90 00 00 00 00 8c e7 45 00   ..!...........E.
07a960  09 00 21 00 00 02 0f 9a 00 00 00 00 9c e7 45 00   ..!...........E.
07a970  09 00 21 00 00 02 0f 9a 00 00 00 00 ac e7 45 00   ..!...........E.
07a980  09 00 21 00 00 02 0f 9b 00 00 00 00 bc e7 45 00   ..!...........E.
07a990  09 00 21 00 00 02 0f 98 00 00 00 00 cc e7 45 00   ..!...........E.
07a9a0  09 00 21 00 00 02 0f 94 00 00 00 00 dc e7 45 00   ..!...........E.
07a9b0  00 00 00 00 00 03 0f ae f8 00 00 00 ec e7 45 00   ..............E.
07a9c0  01 00 1a 00 00 02 0f 01 00 00 00 00 fc e7 45 00   ..............E.
07a9d0  05 00 23 01 00 01 d1 00 00 00 00 00 fc e7 45 00   ..#...........E.
07a9e0  05 00 22 01 00 02 66 d1 00 00 00 00 fc e7 45 00   .."...f.......E.
07a9f0  05 00 21 01 00 01 d0 00 00 00 00 00 fc e7 45 00   ..!...........E.
07aa00  05 00 21 06 00 01 d2 00 00 00 00 00 fc e7 45 00   ..!...........E.
07aa10  05 0e 21 2a 00 01 c0 00 00 00 00 00 fc e7 45 00   ..!*..........E.
07aa20  05 00 22 06 00 02 66 d3 00 00 00 00 fc e7 45 00   .."...f.......E.
07aa30  05 0e 22 2a 00 02 66 c1 00 00 00 00 fc e7 45 00   .."*..f.......E.
07aa40  05 00 23 06 00 01 d3 00 00 00 00 00 fc e7 45 00   ..#...........E.
07aa50  05 0e 23 2a 00 01 c1 00 00 00 00 00 08 e8 45 00   ..#*..........E.
07aa60  09 0e 22 0f 2a 03 66 0f a4 00 00 00 08 e8 45 00   ..".*.f.......E.
07aa70  09 00 22 0f 06 03 66 0f a5 00 00 00 08 e8 45 00   .."...f.......E.
07aa80  09 0e 23 10 2a 02 0f a4 00 00 00 00 08 e8 45 00   ..#.*.........E.
07aa90  09 00 23 10 06 02 0f a5 00 00 00 00 18 e8 45 00   ..#...........E.
07aaa0  06 00 21 01 00 01 d0 00 00 00 00 00 18 e8 45 00   ..!...........E.
07aab0  06 00 21 06 00 01 d2 00 00 00 00 00 18 e8 45 00   ..!...........E.
07aac0  06 0e 21 2a 00 01 c0 00 00 00 00 00 18 e8 45 00   ..!*..........E.
07aad0  06 00 22 01 00 02 66 d1 00 00 00 00 18 e8 45 00   .."...f.......E.
07aae0  06 00 22 06 00 02 66 d3 00 00 00 00 18 e8 45 00   .."...f.......E.
07aaf0  06 0e 22 2a 00 02 66 c1 00 00 00 00 18 e8 45 00   .."*..f.......E.
07ab00  06 00 23 01 00 01 d1 00 00 00 00 00 18 e8 45 00   ..#...........E.
07ab10  06 00 23 06 00 01 d3 00 00 00 00 00 18 e8 45 00   ..#...........E.
07ab20  06 0e 23 2a 00 01 c1 00 00 00 00 00 24 e8 45 00   ..#*........$.E.
07ab30  09 0e 23 10 2a 02 0f ac 00 00 00 00 24 e8 45 00   ..#.*.......$.E.
07ab40  09 00 23 10 06 02 0f ac 00 00 00 00 34 e8 45 00   ..#.........4.E.
07ab50  09 0e 12 29 2a 03 66 0f c6 00 00 00 44 e8 45 00   ...)*.f.....D.E.
07ab60  09 0e 12 29 2a 02 0f c6 00 00 00 00 54 e8 45 00   ...)*.......T.E.
07ab70  02 00 1a 00 00 02 0f 01 00 00 00 00 64 e8 45 00   ............d.E.
07ab80  01 00 22 00 00 02 0f 00 00 00 00 00 74 e8 45 00   ..".........t.E.
07ab90  05 00 22 00 00 02 0f 01 00 00 00 00 84 e8 45 00   .."...........E.
07aba0  09 00 12 29 00 03 66 0f 51 00 00 00 94 e8 45 00   ...)..f.Q.....E.
07abb0  09 00 12 29 00 02 0f 51 00 00 00 00 a4 e8 45 00   ...)...Q......E.
07abc0  09 00 12 28 00 03 f2 0f 51 00 00 00 b4 e8 45 00   ...(....Q.....E.
07abd0  09 00 12 27 00 03 f2 0f 51 00 00 00 c4 e8 45 00   ...'....Q.....E.
07abe0  00 00 00 00 00 01 f9 00 00 00 00 00 d0 e8 45 00   ..............E.
07abf0  00 00 00 00 00 01 fd 00 00 00 00 00 dc e8 45 00   ..............E.
07ac00  00 00 00 00 00 01 fb 00 00 00 00 00 e8 e8 45 00   ..............E.
07ac10  04 00 1a 00 00 02 0f ae 00 00 00 00 f8 e8 45 00   ..............E.
07ac20  00 00 00 00 00 01 aa 00 00 00 00 00 08 e9 45 00   ..............E.
07ac30  00 00 00 00 00 01 ab 00 00 00 00 00 18 e9 45 00   ..............E.
07ac40  00 00 00 00 00 02 66 ab 00 00 00 00 28 e9 45 00   ......f.....(.E.
07ac50  02 00 22 00 00 02 0f 00 00 00 00 00 34 e9 45 00   ..".........4.E.
07ac60  0e 00 03 2a 00 01 2c 00 00 00 00 00 34 e9 45 00   ...*..,.....4.E.
07ac70  0f 00 04 2b 00 02 66 2d 00 00 00 00 34 e9 45 00   ...+..f-....4.E.
07ac80  10 00 05 2c 00 01 2d 00 00 00 00 00 34 e9 45 00   ...,..-.....4.E.
07ac90  06 0e 21 2a 00 01 80 00 00 00 00 00 34 e9 45 00   ..!*........4.E.
07aca0  06 0f 22 2b 00 02 66 80 00 00 00 00 34 e9 45 00   .."+..f.....4.E.
07acb0  06 10 23 2c 00 01 81 00 00 00 00 00 34 e9 45 00   ..#,........4.E.
07acc0  06 0e 22 2a 00 02 66 83 00 00 00 00 34 e9 45 00   .."*..f.....4.E.
07acd0  06 0e 23 2a 00 01 83 00 00 00 00 00 34 e9 45 00   ..#*........4.E.
07ace0  09 00 21 0e 00 01 28 00 00 00 00 00 34 e9 45 00   ..!...(.....4.E.
07acf0  09 00 22 0f 00 02 66 29 00 00 00 00 34 e9 45 00   .."...f)....4.E.
07ad00  09 00 23 10 00 01 29 00 00 00 00 00 34 e9 45 00   ..#...).....4.E.
07ad10  09 00 0e 21 00 01 2a 00 00 00 00 00 34 e9 45 00   ...!..*.....4.E.
07ad20  09 00 0f 22 00 02 66 2b 00 00 00 00 34 e9 45 00   ..."..f+....4.E.
07ad30  09 00 10 23 00 01 2b 00 00 00 00 00 40 e9 45 00   ...#..+.....@.E.
07ad40  09 00 12 29 00 03 66 0f 5c 00 00 00 50 e9 45 00   ...)..f.\...P.E.
07ad50  09 00 12 29 00 02 0f 5c 00 00 00 00 60 e9 45 00   ...)...\....`.E.
07ad60  09 00 12 28 00 03 f2 0f 5c 00 00 00 70 e9 45 00   ...(....\...p.E.
07ad70  09 00 12 27 00 03 f3 0f 5c 00 00 00 80 e9 45 00   ...'....\.....E.
07ad80  00 00 00 00 00 02 0f 34 00 00 00 00 94 e9 45 00   .......4......E.
07ad90  00 00 00 00 00 02 0f 35 00 00 00 00 a4 e9 45 00   .......5......E.
07ada0  0e 00 03 2a 00 01 a8 00 00 00 00 00 a4 e9 45 00   ...*..........E.
07adb0  0f 00 04 2b 00 02 66 a9 00 00 00 00 a4 e9 45 00   ...+..f.......E.
07adc0  10 00 05 2c 00 01 a9 00 00 00 00 00 a4 e9 45 00   ...,..........E.
07add0  01 0e 21 2a 00 01 f6 00 00 00 00 00 a4 e9 45 00   ..!*..........E.
07ade0  01 0f 22 2b 00 02 66 f7 00 00 00 00 a4 e9 45 00   .."+..f.......E.
07adf0  01 10 23 2c 00 01 f7 00 00 00 00 00 a4 e9 45 00   ..#,..........E.
07ae00  09 00 21 0e 00 01 84 00 00 00 00 00 a4 e9 45 00   ..!...........E.
07ae10  09 00 22 0f 00 02 66 85 00 00 00 00 a4 e9 45 00   .."...f.......E.
07ae20  09 00 23 10 00 01 85 00 00 00 00 00 b4 e9 45 00   ..#...........E.
07ae30  09 00 12 28 00 03 66 0f 2e 00 00 00 c4 e9 45 00   ...(..f.......E.
07ae40  09 00 12 27 00 02 0f 2e 00 00 00 00 d4 e9 45 00   ...'..........E.
07ae50  00 00 00 00 00 02 0f 0b 00 00 00 00 e0 e9 45 00   ..............E.
07ae60  09 00 12 29 00 03 66 0f 15 00 00 00 f4 e9 45 00   ...)..f.......E.
07ae70  09 00 12 29 00 02 0f 15 00 00 00 00 08 ea 45 00   ...)..........E.
07ae80  09 00 12 29 00 03 66 0f 14 00 00 00 1c ea 45 00   ...)..f.......E.
07ae90  09 00 12 29 00 02 0f 14 00 00 00 00 30 ea 45 00   ...)........0.E.
07aea0  05 00 22 00 00 02 0f 00 00 00 00 00 40 ea 45 00   ..".........@.E.
07aeb0  06 00 22 00 00 02 0f 00 00 00 00 00 50 ea 45 00   ..".........P.E.
07aec0  00 00 00 00 00 03 0f 01 c1 00 00 00 60 ea 45 00   ............`.E.
07aed0  07 00 1b 00 00 03 66 0f c7 00 00 00 70 ea 45 00   ......f.....p.E.
07aee0  00 00 00 00 00 03 0f 01 c2 00 00 00 84 ea 45 00   ..............E.
07aef0  07 00 1b 00 00 02 0f c7 00 00 00 00 94 ea 45 00   ..............E.
07af00  08 00 1b 00 00 02 0f c7 00 00 00 00 a4 ea 45 00   ..............E.
07af10  09 00 23 10 00 02 0f 78 00 00 00 00 b4 ea 45 00   ..#....x......E.
07af20  00 00 00 00 00 03 0f 01 c3 00 00 00 c8 ea 45 00   ..............E.
07af30  09 00 10 23 00 02 0f 79 00 00 00 00 d8 ea 45 00   ...#...y......E.
07af40  00 00 00 00 00 03 0f 01 c4 00 00 00 e8 ea 45 00   ..............E.
07af50  07 00 1b 00 00 03 f3 0f c7 00 00 00 f8 ea 45 00   ..............E.
07af60  00 00 00 00 00 01 9b 00 00 00 00 00 08 eb 45 00   ..............E.
07af70  00 00 00 00 00 02 0f 09 00 00 00 00 18 eb 45 00   ..............E.
07af80  00 00 00 00 00 02 0f 30 00 00 00 00 28 eb 45 00   .......0....(.E.
07af90  09 00 21 0e 00 02 0f c0 00 00 00 00 28 eb 45 00   ..!.........(.E.
07afa0  09 00 22 0f 00 03 66 0f c1 00 00 00 28 eb 45 00   .."...f.....(.E.
07afb0  09 00 23 10 00 02 0f c1 00 00 00 00 38 eb 45 00   ..#.........8.E.
07afc0  12 00 04 0f 00 02 66 90 00 00 00 00 38 eb 45 00   ......f.....8.E.
07afd0  13 00 05 10 00 01 90 00 00 00 00 00 38 eb 45 00   ............8.E.
07afe0  12 00 0f 04 00 02 66 90 00 00 00 00 38 eb 45 00   ......f.....8.E.
07aff0  13 00 10 05 00 01 90 00 00 00 00 00 38 eb 45 00   ............8.E.
07b000  09 00 21 0e 00 01 86 00 00 00 00 00 38 eb 45 00   ..!.........8.E.
07b010  09 00 0e 21 00 01 86 00 00 00 00 00 38 eb 45 00   ...!........8.E.
07b020  09 00 22 0f 00 02 66 87 00 00 00 00 38 eb 45 00   .."...f.....8.E.
07b030  09 00 0f 22 00 02 66 87 00 00 00 00 38 eb 45 00   ..."..f.....8.E.
07b040  09 00 23 10 00 01 87 00 00 00 00 00 38 eb 45 00   ..#.........8.E.
07b050  09 00 10 23 00 01 87 00 00 00 00 00 48 eb 45 00   ...#........H.E.
07b060  00 00 00 00 00 01 d7 00 00 00 00 00 58 eb 45 00   ............X.E.
07b070  0e 00 03 2a 00 01 34 00 00 00 00 00 58 eb 45 00   ...*..4.....X.E.
07b080  0f 00 04 2b 00 02 66 35 00 00 00 00 58 eb 45 00   ...+..f5....X.E.
07b090  10 00 05 2c 00 01 35 00 00 00 00 00 58 eb 45 00   ...,..5.....X.E.
07b0a0  07 0e 21 2a 00 01 80 00 00 00 00 00 58 eb 45 00   ..!*........X.E.
07b0b0  07 0f 22 2b 00 02 66 80 00 00 00 00 58 eb 45 00   .."+..f.....X.E.
07b0c0  07 10 23 2c 00 01 81 00 00 00 00 00 58 eb 45 00   ..#,........X.E.
07b0d0  07 0e 22 2a 00 02 66 83 00 00 00 00 58 eb 45 00   .."*..f.....X.E.
07b0e0  07 0e 23 2a 00 01 83 00 00 00 00 00 58 eb 45 00   ..#*........X.E.
07b0f0  09 00 21 0e 00 01 30 00 00 00 00 00 58 eb 45 00   ..!...0.....X.E.
07b100  09 00 22 0f 00 02 66 31 00 00 00 00 58 eb 45 00   .."...f1....X.E.
07b110  09 00 23 10 00 01 31 00 00 00 00 00 58 eb 45 00   ..#...1.....X.E.
07b120  09 00 0e 21 00 01 32 00 00 00 00 00 58 eb 45 00   ...!..2.....X.E.
07b130  09 00 0f 22 00 02 66 33 00 00 00 00 58 eb 45 00   ..."..f3....X.E.
07b140  09 00 10 23 00 01 33 00 00 00 00 00 64 eb 45 00   ...#..3.....d.E.
07b150  09 00 12 29 00 03 66 0f 57 00 00 00 74 eb 45 00   ...)..f.W...t.E.
07b160  09 00 12 29 00 02 0f 57 00 00 00 00 01 00 00 00   ...)...W........
07b170  ec 73 40 00 0c 73 40 00 a8 11 41 00 54 73 40 00   .s@..s@...A.Ts@.
07b180  54 72 40 00 3c 74 40 00 7c 74 40 00 e4 74 40 00   Tr@.<t@.|t@..t@.
07b190  68 cf 47 00 2c ba 41 00 34 c0 47 00 0c 74 40 00   h.G.,.A.4.G..t@.
07b1a0  a8 cc 47 00 b4 ba 41 00 cc ba 41 00 84 b9 41 00   ..G...A...A...A.
07b1b0  28 c0 47 00 8c 73 40 00 04 ba 41 00 14 60 47 00   (.G..s@...A..`G.
07b1c0  f4 74 40 00 44 c0 47 00 08 c0 47 00 4c b9 41 00   .t@.D.G...G.L.A.
07b1d0  50 c9 47 00 ac ba 41 00 cc 74 40 00 9c ba 41 00   P.G...A..t@...A.
07b1e0  f4 73 40 00 fc b8 41 00 fc ba 41 00 d4 ba 41 00   .s@...A...A...A.
07b1f0  9c cc 47 00 bc ba 41 00 84 73 40 00 64 73 40 00   ..G...A..s@.ds@.
07b200  dc b9 41 00 a4 b8 41 00 7c b9 41 00 ec c7 47 00   ..A...A.|.A...G.
07b210  bc b9 41 00 b4 b9 41 00 ac b9 41 00 6c 72 40 00   ..A...A...A.lr@.
07b220  e4 b8 41 00 2c cc 47 00 2c 72 40 00 34 b9 41 00   ..A.,.G.,r@.4.A.
07b230  28 12 41 00 d4 74 40 00 b4 74 40 00 dc 74 40 00   (.A..t@..t@..t@.
07b240  44 cc 47 00 1c c0 47 00 c4 ba 41 00 3c 72 40 00   D.G...G...A.<r@.
07b250  f4 72 40 00 34 72 40 00 c0 63 47 00 14 74 40 00   .r@.4r@..cG..t@.
07b260  74 72 40 00 c8 63 47 00 fc 72 40 00 b4 c9 47 00   tr@..cG..r@...G.
07b270  b4 73 40 00 6c 73 40 00 e4 ba 41 00 98 11 41 00   .s@.ls@...A...A.
07b280  1c cc 47 00 7c c9 47 00 74 ba 41 00 b4 b8 41 00   ..G.|.G.t.A...A.
07b290  94 b8 41 00 8c b9 41 00 4c ba 41 00 64 74 40 00   ..A...A.L.A.dt@.
07b2a0  c4 b8 41 00 18 c2 47 00 30 cc 47 00 58 cc 47 00   ..A...G.0.G.X.G.
07b2b0  44 ba 41 00 84 74 40 00 98 cc 47 00 7c b8 41 00   D.A..t@...G.|.A.
07b2c0  0c c9 47 00 0c c0 47 00 2c c0 47 00 84 b8 41 00   ..G...G.,.G...A.
07b2d0  d4 60 47 00 50 11 41 00 8c ba 41 00 44 74 40 00   .`G.P.A...A.Dt@.
07b2e0  04 c0 47 00 fc c8 47 00 7c cf 47 00 10 c0 47 00   ..G...G.|.G...G.
07b2f0  3c ba 41 00 f4 ba 41 00 bc 63 47 00 24 72 40 00   <.A...A..cG.$r@.
07b300  ac b8 41 00 00 cc 47 00 fc b9 41 00 8c 74 40 00   ..A...G...A..t@.
07b310  d4 72 40 00 cc 72 40 00 dc 72 40 00 d4 b8 41 00   .r@..r@..r@...A.
07b320  c4 74 40 00 44 72 40 00 8c 72 40 00 ec b9 41 00   .t@.Dr@..r@...A.
07b330  04 73 40 00 14 b9 41 00 88 11 41 00 24 73 40 00   .s@...A...A.$s@.
07b340  4c 73 40 00 94 b9 41 00 34 74 40 00 84 cc 47 00   Ls@...A.4t@...G.
07b350  18 12 41 00 d8 11 41 00 9c 73 40 00 54 c9 47 00   ..A...A..s@.T.G.
07b360  40 12 41 00 b0 11 41 00 44 cb 47 00 94 ba 41 00   @.A...A.D.G...A.
07b370  58 11 41 00 7c cc 47 00 9c d0 47 00 c4 b9 41 00   X.A.|.G...G...A.
07b380  74 b9 41 00 00 c9 47 00 08 12 41 00 0c b9 41 00   t.A...G...A...A.
07b390  ec ba 41 00 5c 74 40 00 44 73 40 00 70 ce 47 00   ..A.\t@.Ds@.p.G.
07b3a0  84 c9 47 00 b8 11 41 00 40 c0 47 00 4c 74 40 00   ..G...A.@.G.Lt@.
07b3b0  68 11 41 00 80 c9 47 00 94 cc 47 00 5c b9 41 00   h.A...G...G.\.A.
07b3c0  d0 63 47 00 6c 74 40 00 14 ba 41 00 f0 c7 47 00   .cG.lt@...A...G.
07b3d0  30 12 41 00 18 c9 47 00 a4 b9 41 00 a8 c9 47 00   0.A...G...A...G.
07b3e0  f4 b9 41 00 10 60 47 00 3c 73 40 00 28 cc 47 00   ..A..`G.<s@.(.G.
07b3f0  dc 73 40 00 1c 74 40 00 ac 74 40 00 d0 11 41 00   .s@..t@..t@...A.
07b400  64 72 40 00 a4 72 40 00 4c cc 47 00 7c 73 40 00   dr@..r@.L.G.|s@.
07b410  54 74 40 00 34 ba 41 00 38 c0 47 00 90 11 41 00   Tt@.4.A.8.G...A.
07b420  b4 72 40 00 bc 74 40 00 ac 72 40 00 1c ba 41 00   .r@..t@..r@...A.
07b430  78 cf 47 00 30 ca 47 00 dc b8 41 00 c8 11 41 00   x.G.0.G...A...A.
07b440  94 74 40 00 6c b9 41 00 5c c9 47 00 a0 cc 47 00   .t@.l.A.\.G...G.
07b450  0c cc 47 00 20 c0 47 00 a4 73 40 00 5c 73 40 00   ..G. .G..s@.\s@.
07b460  70 11 41 00 e0 cb 47 00 18 60 47 00 1c 73 40 00   p.A...G..`G..s@.
07b470  88 cc 47 00 9c b8 41 00 bc b8 41 00 c4 72 40 00   ..G...A...A..r@.
07b480  80 11 41 00 d8 63 47 00 20 60 47 00 ec 74 40 00   ..A..cG. `G..t@.
07b490  94 d0 47 00 c4 73 40 00 8c b8 41 00 5c 72 40 00   ..G..s@...A.\r@.
07b4a0  9c b9 41 00 94 73 40 00 04 cc 47 00 f4 b8 41 00   ..A..s@...G...A.
07b4b0  44 b9 41 00 00 12 41 00 cc b8 41 00 d8 60 47 00   D.A...A...A..`G.
07b4c0  74 74 40 00 9c 74 40 00 0c ba 41 00 04 bb 41 00   tt@..t@...A...A.
07b4d0  dc ba 41 00 48 c0 47 00 a4 74 40 00 2c 73 40 00   ..A.H.G..t@.,s@.
07b4e0  f4 c7 47 00 e0 11 41 00 bc 73 40 00 28 60 47 00   ..G...A..s@.(`G.
07b4f0  a4 ba 41 00 a0 c7 47 00 64 ba 41 00 04 74 40 00   ..A...G.d.A..t@.
07b500  3c b9 41 00 ac 73 40 00 24 74 40 00 d4 b9 41 00   <.A..s@.$t@...A.
07b510  60 11 41 00 c0 11 41 00 24 b9 41 00 ec b8 41 00   `.A...A.$.A...A.
07b520  fc 74 40 00 24 ba 41 00 78 11 41 00 6c ba 41 00   .t@.$.A.x.A.l.A.
07b530  e4 73 40 00 f8 11 41 00 4c 72 40 00 e4 72 40 00   .s@...A.Lr@..r@.
07b540  f0 11 41 00 84 72 40 00 cc b9 41 00 74 73 40 00   ..A..r@...A.ts@.
07b550  7c 72 40 00 38 12 41 00 2c 74 40 00 38 61 47 00   |r@.8.A.,t@.8aG.
07b560  48 cc 47 00 90 cc 47 00 20 12 41 00 e8 11 41 00   H.G...G. .A...A.
07b570  7c ba 41 00 84 ba 41 00 cc 73 40 00 94 72 40 00   |.A...A..s@..r@.
07b580  54 b9 41 00 e0 63 47 00 40 cb 47 00 10 12 41 00   T.A..cG.@.G...A.
07b590  54 ba 41 00 d4 73 40 00 87 c6 47 00 64 b9 41 00   T.A..s@...G.d.A.
07b5a0  1c 60 47 00 e4 b9 41 00 58 c9 47 00 ec 72 40 00   .`G...A.X.G..r@.
07b5b0  48 c8 47 00 bc 72 40 00 2c b9 41 00 e4 cb 47 00   H.G..r@.,.A...G.
07b5c0  5c ba 41 00 34 73 40 00 9c 72 40 00 18 61 47 00   \.A.4s@..r@..aG.
07b5d0  5c cc 47 00 04 b9 41 00 1c b9 41 00 d0 60 47 00   \.G...A...A..`G.
07b5e0  a0 11 41 00 40 cc 47 00 30 c0 47 00 40 c7 47 00   ..A.@.G.0.G.@.G.
07b5f0  14 73 40 00 fc 73 40 00                           .s@..s@.
